SET IDENTITY_INSERT [dbo].[Permission] ON 

INSERT [dbo].[Permission] ([Id], [ParentId], [Name], [Key], [EntityName], [Active], [Deleted], [Description], [Order]) VALUES (1, 0, N'Content Management Page: Access', N'AccessContentManagementPage-Application', N'Application', 1, 0, NULL, 0)
INSERT [dbo].[Permission] ([Id], [ParentId], [Name], [Key], [EntityName], [Active], [Deleted], [Description], [Order]) VALUES (2, 0, N'Accounting: Access', N'Accounting-Access', N'Accounting', 1, 0, NULL, 0)
INSERT [dbo].[Permission] ([Id], [ParentId], [Name], [Key], [EntityName], [Active], [Deleted], [Description], [Order]) VALUES (3, 2, N'Buyer Invoices', N'Accounting-BuyerInvoices', N'Accounting', 1, 0, NULL, 1)
INSERT [dbo].[Permission] ([Id], [ParentId], [Name], [Key], [EntityName], [Active], [Deleted], [Description], [Order]) VALUES (4, 3, N'Approve Buyer Invoices', N'Accounting-Approve-Buyer-Invoices', N'Accounting', 0, 0, NULL, 2)
INSERT [dbo].[Permission] ([Id], [ParentId], [Name], [Key], [EntityName], [Active], [Deleted], [Description], [Order]) VALUES (5, 3, N'Disable Buyer Invoices', N'Accounting-Disable-Buyer-Invoices', N'Accounting', 0, 0, NULL, 3)
INSERT [dbo].[Permission] ([Id], [ParentId], [Name], [Key], [EntityName], [Active], [Deleted], [Description], [Order]) VALUES (6, 3, N'Pay Buyer Invoices', N'Accounting-Pay-Buyer-Invoices', N'Accounting', 0, 0, NULL, 4)
INSERT [dbo].[Permission] ([Id], [ParentId], [Name], [Key], [EntityName], [Active], [Deleted], [Description], [Order]) VALUES (7, 3, N'Download Buyer Invoices', N'Accounting-Download-Buyer-Invoices', N'Accounting', 1, 0, NULL, 5)
INSERT [dbo].[Permission] ([Id], [ParentId], [Name], [Key], [EntityName], [Active], [Deleted], [Description], [Order]) VALUES (8, 2, N'Buyer Payments', N'Accounting-BuyerPayments', N'Accounting', 1, 0, NULL, 6)
INSERT [dbo].[Permission] ([Id], [ParentId], [Name], [Key], [EntityName], [Active], [Deleted], [Description], [Order]) VALUES (9, 8, N'Add Payment', N'Accounting-Add-Buyer-Payment', N'Accounting', 0, 0, NULL, 7)
INSERT [dbo].[Permission] ([Id], [ParentId], [Name], [Key], [EntityName], [Active], [Deleted], [Description], [Order]) VALUES (10, 8, N'Edit Payment', N'Accounting-Edit-Buyer-Payment', N'Accounting', 0, 0, NULL, 8)
INSERT [dbo].[Permission] ([Id], [ParentId], [Name], [Key], [EntityName], [Active], [Deleted], [Description], [Order]) VALUES (11, 8, N'Delete Payment', N'Accounting-Delete-Buyer-Payment', N'Accounting', 0, 0, NULL, 9)
INSERT [dbo].[Permission] ([Id], [ParentId], [Name], [Key], [EntityName], [Active], [Deleted], [Description], [Order]) VALUES (12, 2, N'Affiliate Payment Notice', N'Accounting-AffiliatePaymentNotice', N'Accounting', 0, 0, NULL, 10)
INSERT [dbo].[Permission] ([Id], [ParentId], [Name], [Key], [EntityName], [Active], [Deleted], [Description], [Order]) VALUES (13, 12, N'Approve', N'Accounting-Approve-AffiliatePaymentNotice', N'Accounting', 0, 0, NULL, 11)
INSERT [dbo].[Permission] ([Id], [ParentId], [Name], [Key], [EntityName], [Active], [Deleted], [Description], [Order]) VALUES (14, 12, N'Disable', N'Accounting-Disable-AffiliatePaymentNotice', N'Accounting', 0, 0, NULL, 12)
INSERT [dbo].[Permission] ([Id], [ParentId], [Name], [Key], [EntityName], [Active], [Deleted], [Description], [Order]) VALUES (15, 12, N'Pay', N'Accounting-Pay-AffiliatePaymentNotice', N'Accounting', 0, 0, NULL, 13)
INSERT [dbo].[Permission] ([Id], [ParentId], [Name], [Key], [EntityName], [Active], [Deleted], [Description], [Order]) VALUES (16, 12, N'Download', N'Accounting-Download-AffiliatePaymentNotice', N'Accounting', 0, 0, NULL, 14)
INSERT [dbo].[Permission] ([Id], [ParentId], [Name], [Key], [EntityName], [Active], [Deleted], [Description], [Order]) VALUES (17, 2, N'Accounting: Refunded Leads', N'Accouting-RefundedLeads', N'Accounting', 0, 0, NULL, 15)
INSERT [dbo].[Permission] ([Id], [ParentId], [Name], [Key], [EntityName], [Active], [Deleted], [Description], [Order]) VALUES (18, 17, N'Refunded Change Status', N'Accounting-Refunded-Change-Status', N'Accounting', 0, 0, NULL, 16)
INSERT [dbo].[Permission] ([Id], [ParentId], [Name], [Key], [EntityName], [Active], [Deleted], [Description], [Order]) VALUES (19, 2, N'Generate Custom Invoices ', N'Accounting-GenerateCustomInvoices', N'Accounting', 0, 0, NULL, 17)
INSERT [dbo].[Permission] ([Id], [ParentId], [Name], [Key], [EntityName], [Active], [Deleted], [Description], [Order]) VALUES (20, 19, N'Invoice of Buyers', N'Accounting-Generate-Custom-Invoices-Buyers', N'Accounting', 0, 0, NULL, 18)
INSERT [dbo].[Permission] ([Id], [ParentId], [Name], [Key], [EntityName], [Active], [Deleted], [Description], [Order]) VALUES (21, 19, N'Payments notice of Affiliates', N'Accounting-Generate-Custom-Invoices-Affiliates', N'Accounting', 0, 0, NULL, 19)
INSERT [dbo].[Permission] ([Id], [ParentId], [Name], [Key], [EntityName], [Active], [Deleted], [Description], [Order]) VALUES (22, 2, N'Accounting: Balance Report', N'Accounting-BalanceReport', N'Accounting', 0, 0, NULL, 100)
INSERT [dbo].[Permission] ([Id], [ParentId], [Name], [Key], [EntityName], [Active], [Deleted], [Description], [Order]) VALUES (23, 0, N'Affiliate Reports: Access', N'AffiliateReports-Access', N'Affiliate Reports', 0, 0, NULL, 0)
INSERT [dbo].[Permission] ([Id], [ParentId], [Name], [Key], [EntityName], [Active], [Deleted], [Description], [Order]) VALUES (24, 23, N'Affiliate Reports: By States', N'AffiliateReports-ByStates', N'Affiliate Reports', 0, 0, NULL, 1)
INSERT [dbo].[Permission] ([Id], [ParentId], [Name], [Key], [EntityName], [Active], [Deleted], [Description], [Order]) VALUES (25, 23, N'Affiliate Reports: By Affiliate Channels', N'AffiliateReports-ByAffiliateChannels', N'Affiliate Reports', 0, 0, NULL, 2)
INSERT [dbo].[Permission] ([Id], [ParentId], [Name], [Key], [EntityName], [Active], [Deleted], [Description], [Order]) VALUES (26, 23, N'Affiliate Reports: By Campaigns', N'AffiliateReports-ByCampaigns', N'Affiliate Reports', 0, 0, NULL, 3)
INSERT [dbo].[Permission] ([Id], [ParentId], [Name], [Key], [EntityName], [Active], [Deleted], [Description], [Order]) VALUES (27, 0, N'Affiliates: View', N'Affiliates-View', N'Affiliates', 0, 0, NULL, 0)
INSERT [dbo].[Permission] ([Id], [ParentId], [Name], [Key], [EntityName], [Active], [Deleted], [Description], [Order]) VALUES (28, 27, N'Add', N'Affiliates-Add', N'Affiliates', 0, 0, NULL, 1)
INSERT [dbo].[Permission] ([Id], [ParentId], [Name], [Key], [EntityName], [Active], [Deleted], [Description], [Order]) VALUES (29, 27, N'Affiliates: Show all', N'Affiliates-ShowAll', N'Affiliates', 0, 0, NULL, 10)
INSERT [dbo].[Permission] ([Id], [ParentId], [Name], [Key], [EntityName], [Active], [Deleted], [Description], [Order]) VALUES (30, 27, N'Payment options & Bill frequency', N'Affiliates-BillFrequencyTab', N'Affiliates', 0, 0, NULL, 3)
INSERT [dbo].[Permission] ([Id], [ParentId], [Name], [Key], [EntityName], [Active], [Deleted], [Description], [Order]) VALUES (31, 27, N'Documents access', N'Affiliates-DocumentsAccess', N'Affiliates', 0, 0, NULL, 4)
INSERT [dbo].[Permission] ([Id], [ParentId], [Name], [Key], [EntityName], [Active], [Deleted], [Description], [Order]) VALUES (32, 27, N'Modify', N'Affiliates-Modify', N'Affiliates', 0, 0, NULL, 2)
INSERT [dbo].[Permission] ([Id], [ParentId], [Name], [Key], [EntityName], [Active], [Deleted], [Description], [Order]) VALUES (33, 0, N'Buyer Reports: Access', N'BuyerReports-Access', N'Buyer Reports', 1, 0, NULL, 0)
INSERT [dbo].[Permission] ([Id], [ParentId], [Name], [Key], [EntityName], [Active], [Deleted], [Description], [Order]) VALUES (34, 33, N'Buyer Reports: By Buyer Channels', N'BuyerReports-ByBuyerChannels', N'Buyer Reports', 1, 0, NULL, 1)
INSERT [dbo].[Permission] ([Id], [ParentId], [Name], [Key], [EntityName], [Active], [Deleted], [Description], [Order]) VALUES (35, 33, N'Buyer Reports: By Affiliate Channels', N'BuyerReports-ByAffiliateChannels', N'Buyer Reports', 0, 0, NULL, 2)
INSERT [dbo].[Permission] ([Id], [ParentId], [Name], [Key], [EntityName], [Active], [Deleted], [Description], [Order]) VALUES (36, 33, N'Buyer Reports: By Campaigns', N'BuyerReports-ByCampaigns', N'Buyer Reports', 1, 0, NULL, 3)
INSERT [dbo].[Permission] ([Id], [ParentId], [Name], [Key], [EntityName], [Active], [Deleted], [Description], [Order]) VALUES (37, 33, N'Buyer Reports: By States', N'BuyerReports-ByStates', N'Buyer Reports', 1, 0, NULL, 4)
INSERT [dbo].[Permission] ([Id], [ParentId], [Name], [Key], [EntityName], [Active], [Deleted], [Description], [Order]) VALUES (38, 0, N'Buyers: View', N'Buyers-View', N'Buyers', 1, 0, NULL, 0)
INSERT [dbo].[Permission] ([Id], [ParentId], [Name], [Key], [EntityName], [Active], [Deleted], [Description], [Order]) VALUES (39, 38, N'Modify', N'Buyers-Add', N'Buyers', 1, 0, NULL, 2)
INSERT [dbo].[Permission] ([Id], [ParentId], [Name], [Key], [EntityName], [Active], [Deleted], [Description], [Order]) VALUES (40, 38, N'Add', N'Buyers-Modify', N'Buyers', 0, 0, NULL, 1)
INSERT [dbo].[Permission] ([Id], [ParentId], [Name], [Key], [EntityName], [Active], [Deleted], [Description], [Order]) VALUES (41, 38, N'Payment options & Bill frequency', N'Buyers-BillFrequencyTab', N'Buyers', 0, 0, NULL, 3)
INSERT [dbo].[Permission] ([Id], [ParentId], [Name], [Key], [EntityName], [Active], [Deleted], [Description], [Order]) VALUES (42, 38, N'Documents Access', N'Buyers-DocumentsAccess', N'Buyers', 0, 0, NULL, 4)
INSERT [dbo].[Permission] ([Id], [ParentId], [Name], [Key], [EntityName], [Active], [Deleted], [Description], [Order]) VALUES (43, 0, N'Buyers: Show all', N'Buyers-ShowAll', N'Buyers', 0, 0, NULL, 10)
INSERT [dbo].[Permission] ([Id], [ParentId], [Name], [Key], [EntityName], [Active], [Deleted], [Description], [Order]) VALUES (44, 0, N'Campaigns: View', N'Campaigns-View', N'Campaigns', 1, 0, NULL, 1)
INSERT [dbo].[Permission] ([Id], [ParentId], [Name], [Key], [EntityName], [Active], [Deleted], [Description], [Order]) VALUES (45, 44, N'Campaigns: Modify', N'Campaigns-Modify', N'Campaigns', 0, 0, NULL, 3)
INSERT [dbo].[Permission] ([Id], [ParentId], [Name], [Key], [EntityName], [Active], [Deleted], [Description], [Order]) VALUES (46, 44, N'Affiliate Channels: View', N'AffiliateChannels-View', N'Campaigns', 0, 0, NULL, 4)
INSERT [dbo].[Permission] ([Id], [ParentId], [Name], [Key], [EntityName], [Active], [Deleted], [Description], [Order]) VALUES (47, 44, N'Buyer Channels: View', N'BuyerChannels-View', N'Buyer Channels', 1, 0, NULL, 6)
INSERT [dbo].[Permission] ([Id], [ParentId], [Name], [Key], [EntityName], [Active], [Deleted], [Description], [Order]) VALUES (48, 44, N'Campaigns Add', N'Campaigns-Add', N'Campaigns', 0, 0, NULL, 2)
INSERT [dbo].[Permission] ([Id], [ParentId], [Name], [Key], [EntityName], [Active], [Deleted], [Description], [Order]) VALUES (49, 46, N'Affiliate Channels: Modify', N'AffiliateChannels-Modify', N'Campaigns', 0, 0, NULL, 5)
INSERT [dbo].[Permission] ([Id], [ParentId], [Name], [Key], [EntityName], [Active], [Deleted], [Description], [Order]) VALUES (50, 47, N'Buyer Channels: Modify', N'BuyerChannels-Modify', N'Campaigns', 1, 0, NULL, 7)
INSERT [dbo].[Permission] ([Id], [ParentId], [Name], [Key], [EntityName], [Active], [Deleted], [Description], [Order]) VALUES (51, 0, N'Leads: View', N'Leads-View', N'Leads', 1, 0, NULL, 0)
INSERT [dbo].[Permission] ([Id], [ParentId], [Name], [Key], [EntityName], [Active], [Deleted], [Description], [Order]) VALUES (52, 51, N'Lead info View', N'LeadsIinfoView', N'Leads', 1, 0, NULL, 2)
INSERT [dbo].[Permission] ([Id], [ParentId], [Name], [Key], [EntityName], [Active], [Deleted], [Description], [Order]) VALUES (53, 51, N'Refund Request', N'LeadsRefundRequest', N'Leads', 0, 0, NULL, 3)
INSERT [dbo].[Permission] ([Id], [ParentId], [Name], [Key], [EntityName], [Active], [Deleted], [Description], [Order]) VALUES (54, 0, N'Settings: View', N'Settings-View', N'Settings', 0, 0, NULL, 1)
INSERT [dbo].[Permission] ([Id], [ParentId], [Name], [Key], [EntityName], [Active], [Deleted], [Description], [Order]) VALUES (55, 54, N'Company Details', N'SettingsCompanyDetails', N'Settings', 0, 0, NULL, 2)
INSERT [dbo].[Permission] ([Id], [ParentId], [Name], [Key], [EntityName], [Active], [Deleted], [Description], [Order]) VALUES (56, 54, N'Vertical', N'SettingsVertical', N'Settings', 0, 0, NULL, 4)
INSERT [dbo].[Permission] ([Id], [ParentId], [Name], [Key], [EntityName], [Active], [Deleted], [Description], [Order]) VALUES (57, 54, N'Black lists', N'SettingsBlackLists', N'Settings', 0, 0, NULL, 7)
INSERT [dbo].[Permission] ([Id], [ParentId], [Name], [Key], [EntityName], [Active], [Deleted], [Description], [Order]) VALUES (58, 54, N'Departments', N'SettingsDepartments', N'Settings', 0, 0, NULL, 10)
INSERT [dbo].[Permission] ([Id], [ParentId], [Name], [Key], [EntityName], [Active], [Deleted], [Description], [Order]) VALUES (59, 54, N'Campaign Templates', N'SettingsCampaignTemplates', N'Settings', 0, 0, NULL, 13)
INSERT [dbo].[Permission] ([Id], [ParentId], [Name], [Key], [EntityName], [Active], [Deleted], [Description], [Order]) VALUES (60, 54, N'E-Mail Templates', N'SettingsEMailTemplates', N'Settings', 0, 0, NULL, 16)
INSERT [dbo].[Permission] ([Id], [ParentId], [Name], [Key], [EntityName], [Active], [Deleted], [Description], [Order]) VALUES (61, 54, N'SMTP', N'SettingsSMTP', N'Settings', 0, 0, NULL, 18)
INSERT [dbo].[Permission] ([Id], [ParentId], [Name], [Key], [EntityName], [Active], [Deleted], [Description], [Order]) VALUES (62, 54, N'Time zone', N'SettingsTimeZone', N'Settings', 0, 0, NULL, 20)
INSERT [dbo].[Permission] ([Id], [ParentId], [Name], [Key], [EntityName], [Active], [Deleted], [Description], [Order]) VALUES (63, 54, N'History', N'SettingsHistory', N'Settings', 0, 0, NULL, 22)
INSERT [dbo].[Permission] ([Id], [ParentId], [Name], [Key], [EntityName], [Active], [Deleted], [Description], [Order]) VALUES (64, 55, N'Modify', N'SettingsCompanyDetailsModify', N'Settings', 0, 0, NULL, 3)
INSERT [dbo].[Permission] ([Id], [ParentId], [Name], [Key], [EntityName], [Active], [Deleted], [Description], [Order]) VALUES (65, 56, N'Add', N'SettingsVerticalAdd', N'Settings', 0, 0, NULL, 5)
INSERT [dbo].[Permission] ([Id], [ParentId], [Name], [Key], [EntityName], [Active], [Deleted], [Description], [Order]) VALUES (66, 56, N'Modify', N'SettingsVerticalModify', N'Settings', 0, 0, NULL, 6)
INSERT [dbo].[Permission] ([Id], [ParentId], [Name], [Key], [EntityName], [Active], [Deleted], [Description], [Order]) VALUES (67, 57, N'Add', N'SettingsBlackListsAdd', N'Settings', 0, 0, NULL, 8)
INSERT [dbo].[Permission] ([Id], [ParentId], [Name], [Key], [EntityName], [Active], [Deleted], [Description], [Order]) VALUES (68, 57, N'Modify', N'SettingsBlackListsModify', N'Settings', 0, 0, NULL, 9)
INSERT [dbo].[Permission] ([Id], [ParentId], [Name], [Key], [EntityName], [Active], [Deleted], [Description], [Order]) VALUES (69, 58, N'Add', N'SettingsDepartmentsAdd', N'Settings', 0, 0, NULL, 11)
INSERT [dbo].[Permission] ([Id], [ParentId], [Name], [Key], [EntityName], [Active], [Deleted], [Description], [Order]) VALUES (70, 58, N'Modify', N'SettingsDepartmentsModify', N'Settings', 0, 0, NULL, 12)
INSERT [dbo].[Permission] ([Id], [ParentId], [Name], [Key], [EntityName], [Active], [Deleted], [Description], [Order]) VALUES (71, 59, N'Add', N'SettingsCampaignTemplatesAdd', N'Settings', 0, 0, NULL, 14)
INSERT [dbo].[Permission] ([Id], [ParentId], [Name], [Key], [EntityName], [Active], [Deleted], [Description], [Order]) VALUES (72, 59, N'Modify', N'SettingsCampaignTemplatesModify', N'Settings', 0, 0, NULL, 15)
INSERT [dbo].[Permission] ([Id], [ParentId], [Name], [Key], [EntityName], [Active], [Deleted], [Description], [Order]) VALUES (73, 60, N'Modify', N'SettingsEMailTemplatesModify', N'Settings', 0, 0, NULL, 17)
INSERT [dbo].[Permission] ([Id], [ParentId], [Name], [Key], [EntityName], [Active], [Deleted], [Description], [Order]) VALUES (74, 61, N'Modify', N'SettingsSMTPModify', N'Settings', 0, 0, NULL, 19)
INSERT [dbo].[Permission] ([Id], [ParentId], [Name], [Key], [EntityName], [Active], [Deleted], [Description], [Order]) VALUES (75, 62, N'Modify', N'SettingsTimeZoneModify', N'Settings', 0, 0, NULL, 21)
INSERT [dbo].[Permission] ([Id], [ParentId], [Name], [Key], [EntityName], [Active], [Deleted], [Description], [Order]) VALUES (76, 0, N'Support: View', N'Support-View', N'Support', 1, 0, NULL, 1)
INSERT [dbo].[Permission] ([Id], [ParentId], [Name], [Key], [EntityName], [Active], [Deleted], [Description], [Order]) VALUES (77, 76, N'View Tickets List', N'SupportViewTicketsList', N'Support', 1, 0, NULL, 2)
INSERT [dbo].[Permission] ([Id], [ParentId], [Name], [Key], [EntityName], [Active], [Deleted], [Description], [Order]) VALUES (78, 77, N'Add New Ticket', N'SupportAddNewTicket', N'Support', 1, 0, NULL, 3)
INSERT [dbo].[Permission] ([Id], [ParentId], [Name], [Key], [EntityName], [Active], [Deleted], [Description], [Order]) VALUES (79, 77, N'Change status', N'SupportChangeStatus', N'Support', 0, 0, NULL, 4)
INSERT [dbo].[Permission] ([Id], [ParentId], [Name], [Key], [EntityName], [Active], [Deleted], [Description], [Order]) VALUES (80, 0, N'User', N'UserView', N'User', 1, 0, NULL, 0)
INSERT [dbo].[Permission] ([Id], [ParentId], [Name], [Key], [EntityName], [Active], [Deleted], [Description], [Order]) VALUES (81, 80, N'Roles', N'UserRolesView', N'User', 0, 0, NULL, 0)
INSERT [dbo].[Permission] ([Id], [ParentId], [Name], [Key], [EntityName], [Active], [Deleted], [Description], [Order]) VALUES (82, 80, N'Network users', N'UserRolesNetworkUsersView', N'User', 0, 0, NULL, 1)
INSERT [dbo].[Permission] ([Id], [ParentId], [Name], [Key], [EntityName], [Active], [Deleted], [Description], [Order]) VALUES (83, 82, N'Add/Modify', N'UserRolesNetworkUsersModify', N'User', 0, 0, NULL, 2)
INSERT [dbo].[Permission] ([Id], [ParentId], [Name], [Key], [EntityName], [Active], [Deleted], [Description], [Order]) VALUES (84, 80, N'Affiliate users', N'UserRolesAffiliateUserView', N'User', 0, 0, NULL, 3)
INSERT [dbo].[Permission] ([Id], [ParentId], [Name], [Key], [EntityName], [Active], [Deleted], [Description], [Order]) VALUES (85, 84, N'Add/Modify', N'UserRolesAffiliateUserModify', N'User', 0, 0, NULL, 4)
INSERT [dbo].[Permission] ([Id], [ParentId], [Name], [Key], [EntityName], [Active], [Deleted], [Description], [Order]) VALUES (87, 80, N'Buyer users', N'UserRolesBuyerUserView', N'User', 1, 0, NULL, 5)
INSERT [dbo].[Permission] ([Id], [ParentId], [Name], [Key], [EntityName], [Active], [Deleted], [Description], [Order]) VALUES (88, 87, N'Add/Modify', N'UserRolesBuyerUserModify', N'User', 1, 0, NULL, 6)
INSERT [dbo].[Permission] ([Id], [ParentId], [Name], [Key], [EntityName], [Active], [Deleted], [Description], [Order]) VALUES (93, 23, N'Affiliate Reports: By EPL', N'AffiliateReports-ByEPL', N'Affiliate Reports', 0, 0, NULL, 1)
INSERT [dbo].[Permission] ([Id], [ParentId], [Name], [Key], [EntityName], [Active], [Deleted], [Description], [Order]) VALUES (94, 38, N'Buyer Channels: Filter', N'BuyerChannels-Filter', N'Buyers', 1, 0, NULL, 8)
INSERT [dbo].[Permission] ([Id], [ParentId], [Name], [Key], [EntityName], [Active], [Deleted], [Description], [Order]) VALUES (95, 44, N'Campaigns: Filter', N'Campaigns-Filter', N'Campaigns', 1, 0, NULL, 4)
INSERT [dbo].[Permission] ([Id], [ParentId], [Name], [Key], [EntityName], [Active], [Deleted], [Description], [Order]) VALUES (96, 27, N'Affiliate Channels: Filter', N'AffiliateChannels-Filter', N'Affiliates', 0, 0, NULL, 6)
INSERT [dbo].[Permission] ([Id], [ParentId], [Name], [Key], [EntityName], [Active], [Deleted], [Description], [Order]) VALUES (97, 38, N'Buyers: Filter', N'Buyers-Filter', N'Buyers', 1, 0, NULL, 11)
INSERT [dbo].[Permission] ([Id], [ParentId], [Name], [Key], [EntityName], [Active], [Deleted], [Description], [Order]) VALUES (98, 27, N'Affiliates: Filter', N'Affiliates-Filter', N'Affiliates', 0, 0, NULL, 5)

SET IDENTITY_INSERT [dbo].[Permission] OFF
SET IDENTITY_INSERT [dbo].[Role] ON 

INSERT [dbo].[Role] ([Id], [Name], [Key], [Active], [Deleted], [BuiltIn], [Description], [UserTypeId]) VALUES (1, N'Global Administrators', N'GlobalAdministrators', 1, 0, 0, N'Built-in global administrators have complete and unrestricted access to the full website', 4)
INSERT [dbo].[Role] ([Id], [Name], [Key], [Active], [Deleted], [BuiltIn], [Description], [UserTypeId]) VALUES (2, N'Account Manager', N'AccountManager', 1, 0, 0, N'Built-in content managers have restricted access to the website', 4)
INSERT [dbo].[Role] ([Id], [Name], [Key], [Active], [Deleted], [BuiltIn], [Description], [UserTypeId]) VALUES (3, N'NetworkUsers', N'NetworkUsers', 1, 0, 0, N'Built-in network user are registered users', 1)
INSERT [dbo].[Role] ([Id], [Name], [Key], [Active], [Deleted], [BuiltIn], [Description], [UserTypeId]) VALUES (4, N'Adminstrator', N'Adminstrator', 1, 0, 0, NULL, 4)
INSERT [dbo].[Role] ([Id], [Name], [Key], [Active], [Deleted], [BuiltIn], [Description], [UserTypeId]) VALUES (5, N'Affilate User', N'AffilateUser', 1, 0, 0, NULL, 3)
INSERT [dbo].[Role] ([Id], [Name], [Key], [Active], [Deleted], [BuiltIn], [Description], [UserTypeId]) VALUES (6, N'Buyer User', N'BuyerUser', 1, 0, 0, NULL, 2)
INSERT [dbo].[Role] ([Id], [Name], [Key], [Active], [Deleted], [BuiltIn], [Description], [UserTypeId]) VALUES (7, N'TestRole', N'TestRole', 0, 0, 0, NULL, 4)
SET IDENTITY_INSERT [dbo].[Role] OFF
INSERT [dbo].[RolePermission] ([RoleId], [PermissionId]) VALUES (2, 1)
INSERT [dbo].[RolePermission] ([RoleId], [PermissionId]) VALUES (3, 1)
INSERT [dbo].[RolePermission] ([RoleId], [PermissionId]) VALUES (4, 1)
INSERT [dbo].[RolePermission] ([RoleId], [PermissionId]) VALUES (5, 1)
INSERT [dbo].[RolePermission] ([RoleId], [PermissionId]) VALUES (6, 1)
INSERT [dbo].[RolePermission] ([RoleId], [PermissionId]) VALUES (3, 2)
INSERT [dbo].[RolePermission] ([RoleId], [PermissionId]) VALUES (4, 2)
INSERT [dbo].[RolePermission] ([RoleId], [PermissionId]) VALUES (5, 2)
INSERT [dbo].[RolePermission] ([RoleId], [PermissionId]) VALUES (6, 2)
INSERT [dbo].[RolePermission] ([RoleId], [PermissionId]) VALUES (7, 2)
INSERT [dbo].[RolePermission] ([RoleId], [PermissionId]) VALUES (3, 3)
INSERT [dbo].[RolePermission] ([RoleId], [PermissionId]) VALUES (4, 3)
INSERT [dbo].[RolePermission] ([RoleId], [PermissionId]) VALUES (6, 3)
INSERT [dbo].[RolePermission] ([RoleId], [PermissionId]) VALUES (7, 3)
INSERT [dbo].[RolePermission] ([RoleId], [PermissionId]) VALUES (3, 4)
INSERT [dbo].[RolePermission] ([RoleId], [PermissionId]) VALUES (4, 4)
INSERT [dbo].[RolePermission] ([RoleId], [PermissionId]) VALUES (7, 4)
INSERT [dbo].[RolePermission] ([RoleId], [PermissionId]) VALUES (3, 5)
INSERT [dbo].[RolePermission] ([RoleId], [PermissionId]) VALUES (4, 5)
INSERT [dbo].[RolePermission] ([RoleId], [PermissionId]) VALUES (7, 5)
INSERT [dbo].[RolePermission] ([RoleId], [PermissionId]) VALUES (3, 6)
INSERT [dbo].[RolePermission] ([RoleId], [PermissionId]) VALUES (4, 6)
INSERT [dbo].[RolePermission] ([RoleId], [PermissionId]) VALUES (7, 6)
INSERT [dbo].[RolePermission] ([RoleId], [PermissionId]) VALUES (3, 7)
INSERT [dbo].[RolePermission] ([RoleId], [PermissionId]) VALUES (4, 7)
INSERT [dbo].[RolePermission] ([RoleId], [PermissionId]) VALUES (6, 7)
INSERT [dbo].[RolePermission] ([RoleId], [PermissionId]) VALUES (7, 7)
INSERT [dbo].[RolePermission] ([RoleId], [PermissionId]) VALUES (3, 8)
INSERT [dbo].[RolePermission] ([RoleId], [PermissionId]) VALUES (4, 8)
INSERT [dbo].[RolePermission] ([RoleId], [PermissionId]) VALUES (6, 8)
INSERT [dbo].[RolePermission] ([RoleId], [PermissionId]) VALUES (7, 8)
INSERT [dbo].[RolePermission] ([RoleId], [PermissionId]) VALUES (4, 9)
INSERT [dbo].[RolePermission] ([RoleId], [PermissionId]) VALUES (7, 9)
INSERT [dbo].[RolePermission] ([RoleId], [PermissionId]) VALUES (4, 10)
INSERT [dbo].[RolePermission] ([RoleId], [PermissionId]) VALUES (7, 10)
INSERT [dbo].[RolePermission] ([RoleId], [PermissionId]) VALUES (4, 11)
INSERT [dbo].[RolePermission] ([RoleId], [PermissionId]) VALUES (7, 11)
INSERT [dbo].[RolePermission] ([RoleId], [PermissionId]) VALUES (4, 12)
INSERT [dbo].[RolePermission] ([RoleId], [PermissionId]) VALUES (5, 12)
INSERT [dbo].[RolePermission] ([RoleId], [PermissionId]) VALUES (7, 12)
INSERT [dbo].[RolePermission] ([RoleId], [PermissionId]) VALUES (4, 13)
INSERT [dbo].[RolePermission] ([RoleId], [PermissionId]) VALUES (7, 13)
INSERT [dbo].[RolePermission] ([RoleId], [PermissionId]) VALUES (4, 14)
INSERT [dbo].[RolePermission] ([RoleId], [PermissionId]) VALUES (7, 14)
INSERT [dbo].[RolePermission] ([RoleId], [PermissionId]) VALUES (4, 15)
INSERT [dbo].[RolePermission] ([RoleId], [PermissionId]) VALUES (7, 15)
INSERT [dbo].[RolePermission] ([RoleId], [PermissionId]) VALUES (4, 16)
INSERT [dbo].[RolePermission] ([RoleId], [PermissionId]) VALUES (7, 16)
INSERT [dbo].[RolePermission] ([RoleId], [PermissionId]) VALUES (4, 17)
INSERT [dbo].[RolePermission] ([RoleId], [PermissionId]) VALUES (7, 17)
INSERT [dbo].[RolePermission] ([RoleId], [PermissionId]) VALUES (4, 18)
INSERT [dbo].[RolePermission] ([RoleId], [PermissionId]) VALUES (7, 18)
INSERT [dbo].[RolePermission] ([RoleId], [PermissionId]) VALUES (4, 19)
INSERT [dbo].[RolePermission] ([RoleId], [PermissionId]) VALUES (7, 19)
INSERT [dbo].[RolePermission] ([RoleId], [PermissionId]) VALUES (4, 20)
INSERT [dbo].[RolePermission] ([RoleId], [PermissionId]) VALUES (7, 20)
INSERT [dbo].[RolePermission] ([RoleId], [PermissionId]) VALUES (4, 21)
INSERT [dbo].[RolePermission] ([RoleId], [PermissionId]) VALUES (7, 21)
INSERT [dbo].[RolePermission] ([RoleId], [PermissionId]) VALUES (4, 22)
INSERT [dbo].[RolePermission] ([RoleId], [PermissionId]) VALUES (7, 22)
INSERT [dbo].[RolePermission] ([RoleId], [PermissionId]) VALUES (2, 23)
INSERT [dbo].[RolePermission] ([RoleId], [PermissionId]) VALUES (4, 23)
INSERT [dbo].[RolePermission] ([RoleId], [PermissionId]) VALUES (5, 23)
INSERT [dbo].[RolePermission] ([RoleId], [PermissionId]) VALUES (2, 24)
INSERT [dbo].[RolePermission] ([RoleId], [PermissionId]) VALUES (4, 24)
INSERT [dbo].[RolePermission] ([RoleId], [PermissionId]) VALUES (5, 24)
INSERT [dbo].[RolePermission] ([RoleId], [PermissionId]) VALUES (2, 25)
INSERT [dbo].[RolePermission] ([RoleId], [PermissionId]) VALUES (4, 25)
INSERT [dbo].[RolePermission] ([RoleId], [PermissionId]) VALUES (5, 25)
INSERT [dbo].[RolePermission] ([RoleId], [PermissionId]) VALUES (2, 26)
INSERT [dbo].[RolePermission] ([RoleId], [PermissionId]) VALUES (4, 26)
INSERT [dbo].[RolePermission] ([RoleId], [PermissionId]) VALUES (5, 26)
INSERT [dbo].[RolePermission] ([RoleId], [PermissionId]) VALUES (2, 27)
INSERT [dbo].[RolePermission] ([RoleId], [PermissionId]) VALUES (4, 27)
INSERT [dbo].[RolePermission] ([RoleId], [PermissionId]) VALUES (5, 27)
INSERT [dbo].[RolePermission] ([RoleId], [PermissionId]) VALUES (6, 27)
INSERT [dbo].[RolePermission] ([RoleId], [PermissionId]) VALUES (4, 28)
INSERT [dbo].[RolePermission] ([RoleId], [PermissionId]) VALUES (4, 29)
INSERT [dbo].[RolePermission] ([RoleId], [PermissionId]) VALUES (2, 30)
INSERT [dbo].[RolePermission] ([RoleId], [PermissionId]) VALUES (4, 30)
INSERT [dbo].[RolePermission] ([RoleId], [PermissionId]) VALUES (2, 31)
INSERT [dbo].[RolePermission] ([RoleId], [PermissionId]) VALUES (4, 31)
INSERT [dbo].[RolePermission] ([RoleId], [PermissionId]) VALUES (4, 32)
INSERT [dbo].[RolePermission] ([RoleId], [PermissionId]) VALUES (5, 32)
INSERT [dbo].[RolePermission] ([RoleId], [PermissionId]) VALUES (2, 33)
INSERT [dbo].[RolePermission] ([RoleId], [PermissionId]) VALUES (4, 33)
INSERT [dbo].[RolePermission] ([RoleId], [PermissionId]) VALUES (6, 33)
INSERT [dbo].[RolePermission] ([RoleId], [PermissionId]) VALUES (2, 34)
INSERT [dbo].[RolePermission] ([RoleId], [PermissionId]) VALUES (4, 34)
INSERT [dbo].[RolePermission] ([RoleId], [PermissionId]) VALUES (6, 34)
INSERT [dbo].[RolePermission] ([RoleId], [PermissionId]) VALUES (2, 35)
INSERT [dbo].[RolePermission] ([RoleId], [PermissionId]) VALUES (4, 35)
INSERT [dbo].[RolePermission] ([RoleId], [PermissionId]) VALUES (2, 36)
INSERT [dbo].[RolePermission] ([RoleId], [PermissionId]) VALUES (4, 36)
INSERT [dbo].[RolePermission] ([RoleId], [PermissionId]) VALUES (6, 36)
INSERT [dbo].[RolePermission] ([RoleId], [PermissionId]) VALUES (2, 37)
INSERT [dbo].[RolePermission] ([RoleId], [PermissionId]) VALUES (4, 37)
INSERT [dbo].[RolePermission] ([RoleId], [PermissionId]) VALUES (6, 37)
INSERT [dbo].[RolePermission] ([RoleId], [PermissionId]) VALUES (2, 38)
INSERT [dbo].[RolePermission] ([RoleId], [PermissionId]) VALUES (4, 38)
GO
INSERT [dbo].[RolePermission] ([RoleId], [PermissionId]) VALUES (6, 38)
INSERT [dbo].[RolePermission] ([RoleId], [PermissionId]) VALUES (2, 39)
INSERT [dbo].[RolePermission] ([RoleId], [PermissionId]) VALUES (4, 39)
INSERT [dbo].[RolePermission] ([RoleId], [PermissionId]) VALUES (6, 39)
INSERT [dbo].[RolePermission] ([RoleId], [PermissionId]) VALUES (2, 40)
INSERT [dbo].[RolePermission] ([RoleId], [PermissionId]) VALUES (4, 40)
INSERT [dbo].[RolePermission] ([RoleId], [PermissionId]) VALUES (4, 41)
INSERT [dbo].[RolePermission] ([RoleId], [PermissionId]) VALUES (4, 42)
INSERT [dbo].[RolePermission] ([RoleId], [PermissionId]) VALUES (2, 43)
INSERT [dbo].[RolePermission] ([RoleId], [PermissionId]) VALUES (4, 43)
INSERT [dbo].[RolePermission] ([RoleId], [PermissionId]) VALUES (2, 44)
INSERT [dbo].[RolePermission] ([RoleId], [PermissionId]) VALUES (4, 44)
INSERT [dbo].[RolePermission] ([RoleId], [PermissionId]) VALUES (5, 44)
INSERT [dbo].[RolePermission] ([RoleId], [PermissionId]) VALUES (6, 44)
INSERT [dbo].[RolePermission] ([RoleId], [PermissionId]) VALUES (7, 44)
INSERT [dbo].[RolePermission] ([RoleId], [PermissionId]) VALUES (2, 45)
INSERT [dbo].[RolePermission] ([RoleId], [PermissionId]) VALUES (4, 45)
INSERT [dbo].[RolePermission] ([RoleId], [PermissionId]) VALUES (7, 45)
INSERT [dbo].[RolePermission] ([RoleId], [PermissionId]) VALUES (2, 46)
INSERT [dbo].[RolePermission] ([RoleId], [PermissionId]) VALUES (4, 46)
INSERT [dbo].[RolePermission] ([RoleId], [PermissionId]) VALUES (5, 46)
INSERT [dbo].[RolePermission] ([RoleId], [PermissionId]) VALUES (2, 47)
INSERT [dbo].[RolePermission] ([RoleId], [PermissionId]) VALUES (4, 47)
INSERT [dbo].[RolePermission] ([RoleId], [PermissionId]) VALUES (6, 47)
INSERT [dbo].[RolePermission] ([RoleId], [PermissionId]) VALUES (7, 47)
INSERT [dbo].[RolePermission] ([RoleId], [PermissionId]) VALUES (2, 48)
INSERT [dbo].[RolePermission] ([RoleId], [PermissionId]) VALUES (4, 48)
INSERT [dbo].[RolePermission] ([RoleId], [PermissionId]) VALUES (7, 48)
INSERT [dbo].[RolePermission] ([RoleId], [PermissionId]) VALUES (2, 49)
INSERT [dbo].[RolePermission] ([RoleId], [PermissionId]) VALUES (4, 49)
INSERT [dbo].[RolePermission] ([RoleId], [PermissionId]) VALUES (5, 49)
INSERT [dbo].[RolePermission] ([RoleId], [PermissionId]) VALUES (2, 50)
INSERT [dbo].[RolePermission] ([RoleId], [PermissionId]) VALUES (4, 50)
INSERT [dbo].[RolePermission] ([RoleId], [PermissionId]) VALUES (6, 50)
INSERT [dbo].[RolePermission] ([RoleId], [PermissionId]) VALUES (7, 50)
INSERT [dbo].[RolePermission] ([RoleId], [PermissionId]) VALUES (2, 51)
INSERT [dbo].[RolePermission] ([RoleId], [PermissionId]) VALUES (4, 51)
INSERT [dbo].[RolePermission] ([RoleId], [PermissionId]) VALUES (5, 51)
INSERT [dbo].[RolePermission] ([RoleId], [PermissionId]) VALUES (6, 51)
INSERT [dbo].[RolePermission] ([RoleId], [PermissionId]) VALUES (2, 52)
INSERT [dbo].[RolePermission] ([RoleId], [PermissionId]) VALUES (4, 52)
INSERT [dbo].[RolePermission] ([RoleId], [PermissionId]) VALUES (5, 52)
INSERT [dbo].[RolePermission] ([RoleId], [PermissionId]) VALUES (6, 52)
INSERT [dbo].[RolePermission] ([RoleId], [PermissionId]) VALUES (4, 53)
INSERT [dbo].[RolePermission] ([RoleId], [PermissionId]) VALUES (5, 53)
INSERT [dbo].[RolePermission] ([RoleId], [PermissionId]) VALUES (2, 54)
INSERT [dbo].[RolePermission] ([RoleId], [PermissionId]) VALUES (4, 54)
INSERT [dbo].[RolePermission] ([RoleId], [PermissionId]) VALUES (5, 54)
INSERT [dbo].[RolePermission] ([RoleId], [PermissionId]) VALUES (6, 54)
INSERT [dbo].[RolePermission] ([RoleId], [PermissionId]) VALUES (2, 55)
INSERT [dbo].[RolePermission] ([RoleId], [PermissionId]) VALUES (4, 55)
INSERT [dbo].[RolePermission] ([RoleId], [PermissionId]) VALUES (2, 56)
INSERT [dbo].[RolePermission] ([RoleId], [PermissionId]) VALUES (4, 56)
INSERT [dbo].[RolePermission] ([RoleId], [PermissionId]) VALUES (4, 57)
INSERT [dbo].[RolePermission] ([RoleId], [PermissionId]) VALUES (4, 58)
INSERT [dbo].[RolePermission] ([RoleId], [PermissionId]) VALUES (4, 59)
INSERT [dbo].[RolePermission] ([RoleId], [PermissionId]) VALUES (4, 60)
INSERT [dbo].[RolePermission] ([RoleId], [PermissionId]) VALUES (4, 61)
INSERT [dbo].[RolePermission] ([RoleId], [PermissionId]) VALUES (2, 62)
INSERT [dbo].[RolePermission] ([RoleId], [PermissionId]) VALUES (4, 62)
INSERT [dbo].[RolePermission] ([RoleId], [PermissionId]) VALUES (2, 63)
INSERT [dbo].[RolePermission] ([RoleId], [PermissionId]) VALUES (4, 63)
INSERT [dbo].[RolePermission] ([RoleId], [PermissionId]) VALUES (5, 63)
INSERT [dbo].[RolePermission] ([RoleId], [PermissionId]) VALUES (6, 63)
INSERT [dbo].[RolePermission] ([RoleId], [PermissionId]) VALUES (2, 64)
INSERT [dbo].[RolePermission] ([RoleId], [PermissionId]) VALUES (4, 64)
INSERT [dbo].[RolePermission] ([RoleId], [PermissionId]) VALUES (2, 65)
INSERT [dbo].[RolePermission] ([RoleId], [PermissionId]) VALUES (4, 65)
INSERT [dbo].[RolePermission] ([RoleId], [PermissionId]) VALUES (2, 66)
INSERT [dbo].[RolePermission] ([RoleId], [PermissionId]) VALUES (4, 66)
INSERT [dbo].[RolePermission] ([RoleId], [PermissionId]) VALUES (4, 67)
INSERT [dbo].[RolePermission] ([RoleId], [PermissionId]) VALUES (4, 68)
INSERT [dbo].[RolePermission] ([RoleId], [PermissionId]) VALUES (4, 69)
INSERT [dbo].[RolePermission] ([RoleId], [PermissionId]) VALUES (4, 70)
INSERT [dbo].[RolePermission] ([RoleId], [PermissionId]) VALUES (4, 71)
INSERT [dbo].[RolePermission] ([RoleId], [PermissionId]) VALUES (4, 72)
INSERT [dbo].[RolePermission] ([RoleId], [PermissionId]) VALUES (4, 73)
INSERT [dbo].[RolePermission] ([RoleId], [PermissionId]) VALUES (4, 74)
INSERT [dbo].[RolePermission] ([RoleId], [PermissionId]) VALUES (2, 75)
INSERT [dbo].[RolePermission] ([RoleId], [PermissionId]) VALUES (4, 75)
INSERT [dbo].[RolePermission] ([RoleId], [PermissionId]) VALUES (2, 76)
INSERT [dbo].[RolePermission] ([RoleId], [PermissionId]) VALUES (4, 76)
INSERT [dbo].[RolePermission] ([RoleId], [PermissionId]) VALUES (5, 76)
INSERT [dbo].[RolePermission] ([RoleId], [PermissionId]) VALUES (6, 76)
INSERT [dbo].[RolePermission] ([RoleId], [PermissionId]) VALUES (7, 76)
INSERT [dbo].[RolePermission] ([RoleId], [PermissionId]) VALUES (2, 77)
INSERT [dbo].[RolePermission] ([RoleId], [PermissionId]) VALUES (4, 77)
INSERT [dbo].[RolePermission] ([RoleId], [PermissionId]) VALUES (5, 77)
INSERT [dbo].[RolePermission] ([RoleId], [PermissionId]) VALUES (6, 77)
INSERT [dbo].[RolePermission] ([RoleId], [PermissionId]) VALUES (7, 77)
INSERT [dbo].[RolePermission] ([RoleId], [PermissionId]) VALUES (2, 78)
INSERT [dbo].[RolePermission] ([RoleId], [PermissionId]) VALUES (4, 78)
INSERT [dbo].[RolePermission] ([RoleId], [PermissionId]) VALUES (5, 78)
INSERT [dbo].[RolePermission] ([RoleId], [PermissionId]) VALUES (6, 78)
INSERT [dbo].[RolePermission] ([RoleId], [PermissionId]) VALUES (2, 79)
INSERT [dbo].[RolePermission] ([RoleId], [PermissionId]) VALUES (4, 79)
INSERT [dbo].[RolePermission] ([RoleId], [PermissionId]) VALUES (7, 79)
INSERT [dbo].[RolePermission] ([RoleId], [PermissionId]) VALUES (2, 80)
INSERT [dbo].[RolePermission] ([RoleId], [PermissionId]) VALUES (4, 80)
INSERT [dbo].[RolePermission] ([RoleId], [PermissionId]) VALUES (6, 80)
GO
INSERT [dbo].[RolePermission] ([RoleId], [PermissionId]) VALUES (4, 81)
INSERT [dbo].[RolePermission] ([RoleId], [PermissionId]) VALUES (4, 82)
INSERT [dbo].[RolePermission] ([RoleId], [PermissionId]) VALUES (4, 83)
INSERT [dbo].[RolePermission] ([RoleId], [PermissionId]) VALUES (4, 84)
INSERT [dbo].[RolePermission] ([RoleId], [PermissionId]) VALUES (4, 85)
INSERT [dbo].[RolePermission] ([RoleId], [PermissionId]) VALUES (4, 87)
INSERT [dbo].[RolePermission] ([RoleId], [PermissionId]) VALUES (6, 87)
INSERT [dbo].[RolePermission] ([RoleId], [PermissionId]) VALUES (4, 88)
INSERT [dbo].[RolePermission] ([RoleId], [PermissionId]) VALUES (6, 88)
SET IDENTITY_INSERT [dbo].[UserType] ON 

INSERT [dbo].[UserType] ([Id], [Name], [Published], [Deleted], [DisplayOrder]) VALUES (1, N'BuiltIn', 1, 0, 0)
INSERT [dbo].[UserType] ([Id], [Name], [Published], [Deleted], [DisplayOrder]) VALUES (2, N'Buyer', 1, 0, 0)
INSERT [dbo].[UserType] ([Id], [Name], [Published], [Deleted], [DisplayOrder]) VALUES (3, N'Affiliate', 1, 0, 0)
INSERT [dbo].[UserType] ([Id], [Name], [Published], [Deleted], [DisplayOrder]) VALUES (4, N'Network User', 1, 0, 0)
SET IDENTITY_INSERT [dbo].[UserType] OFF
SET IDENTITY_INSERT [dbo].[User] ON 

INSERT [dbo].[User] ([Id], [ParentId], [UserTypeId], [GuId], [Username], [Email], [Password], [SaltKey], [Active], [LockedOut], [Deleted], [BuiltIn], [BuiltInName], [RegistrationDate], [LoginDate], [ActivityDate], [PasswordChangedDate], [LockoutDate], [IpAddress], [FailedPasswordAttemptCount], [Comment], [DepartmentId], [MenuType], [MaskEmail], [ValidateOnLogin], [ChangePassOnLogin], [TimeZone], [RemoteLoginGuid]) VALUES (1, 0, 1, N'612310CD-6C4A-41D2-BC9F-10CA9F2F779E', N'Admin', N'Admin', N'F9A3C7D8A4047F777FB159DC787960332280E529', N'3ONc2x0IwsP8vICdBuaa8axen+U=', 1, 0, 0, 1, N'Built-in Administrator', CAST(N'2016-12-06T06:02:18.903' AS DateTime), CAST(N'2019-04-12T17:54:00.543' AS DateTime), CAST(N'2019-04-12T18:03:59.233' AS DateTime), NULL, NULL, N'127.0.0.1', 0, NULL, 0, 1, 0, 0, NULL, N'Dateline Standard Time', NULL)
SET IDENTITY_INSERT [dbo].[User] OFF

SET IDENTITY_INSERT [dbo].[Profile] ON 
INSERT INTO [dbo].[Profile] ([Id], [UserId], [FirstName], [MiddleName], [LastName], [Phone], [CellPhone], [Summary]) VALUES(1, 1, 'Builtin', '', '', '', '', '')
SET IDENTITY_INSERT [dbo].[Profile] OFF

SET IDENTITY_INSERT [dbo].[Country] ON 

INSERT [dbo].[Country] ([Id], [Name], [TwoLetteroCode], [ThreeLetteroCode], [NumericCode], [Published], [DisplayOrder]) VALUES (1, N'Argentina', N'AR', N'ARG', 32, 1, 0)
INSERT [dbo].[Country] ([Id], [Name], [TwoLetteroCode], [ThreeLetteroCode], [NumericCode], [Published], [DisplayOrder]) VALUES (2, N'Armenia', N'AM', N'ARM', 51, 1, 0)
INSERT [dbo].[Country] ([Id], [Name], [TwoLetteroCode], [ThreeLetteroCode], [NumericCode], [Published], [DisplayOrder]) VALUES (3, N'Aruba', N'AW', N'ABW', 533, 1, 0)
INSERT [dbo].[Country] ([Id], [Name], [TwoLetteroCode], [ThreeLetteroCode], [NumericCode], [Published], [DisplayOrder]) VALUES (4, N'Australia', N'AU', N'AUS', 36, 1, 0)
INSERT [dbo].[Country] ([Id], [Name], [TwoLetteroCode], [ThreeLetteroCode], [NumericCode], [Published], [DisplayOrder]) VALUES (5, N'Austria', N'AT', N'AUT', 40, 1, 0)
INSERT [dbo].[Country] ([Id], [Name], [TwoLetteroCode], [ThreeLetteroCode], [NumericCode], [Published], [DisplayOrder]) VALUES (6, N'Azerbaijan', N'AZ', N'AZE', 31, 1, 0)
INSERT [dbo].[Country] ([Id], [Name], [TwoLetteroCode], [ThreeLetteroCode], [NumericCode], [Published], [DisplayOrder]) VALUES (7, N'Bahamas', N'BS', N'BHS', 44, 1, 0)
INSERT [dbo].[Country] ([Id], [Name], [TwoLetteroCode], [ThreeLetteroCode], [NumericCode], [Published], [DisplayOrder]) VALUES (8, N'Bangladesh', N'BD', N'BGD', 50, 1, 0)
INSERT [dbo].[Country] ([Id], [Name], [TwoLetteroCode], [ThreeLetteroCode], [NumericCode], [Published], [DisplayOrder]) VALUES (9, N'Belarus', N'BY', N'BLR', 112, 1, 0)
INSERT [dbo].[Country] ([Id], [Name], [TwoLetteroCode], [ThreeLetteroCode], [NumericCode], [Published], [DisplayOrder]) VALUES (10, N'Belgium', N'BE', N'BEL', 56, 1, 0)
INSERT [dbo].[Country] ([Id], [Name], [TwoLetteroCode], [ThreeLetteroCode], [NumericCode], [Published], [DisplayOrder]) VALUES (11, N'Belize', N'BZ', N'BLZ', 84, 1, 0)
INSERT [dbo].[Country] ([Id], [Name], [TwoLetteroCode], [ThreeLetteroCode], [NumericCode], [Published], [DisplayOrder]) VALUES (12, N'Bermuda', N'BM', N'BMU', 60, 1, 0)
INSERT [dbo].[Country] ([Id], [Name], [TwoLetteroCode], [ThreeLetteroCode], [NumericCode], [Published], [DisplayOrder]) VALUES (13, N'Bolivia', N'BO', N'BOL', 68, 1, 0)
INSERT [dbo].[Country] ([Id], [Name], [TwoLetteroCode], [ThreeLetteroCode], [NumericCode], [Published], [DisplayOrder]) VALUES (14, N'Bosnia and Herzegowina', N'BA', N'BIH', 70, 1, 0)
INSERT [dbo].[Country] ([Id], [Name], [TwoLetteroCode], [ThreeLetteroCode], [NumericCode], [Published], [DisplayOrder]) VALUES (15, N'Brazil', N'BR', N'BRA', 76, 1, 0)
INSERT [dbo].[Country] ([Id], [Name], [TwoLetteroCode], [ThreeLetteroCode], [NumericCode], [Published], [DisplayOrder]) VALUES (16, N'Bulgaria', N'BG', N'BGR', 100, 1, 0)
INSERT [dbo].[Country] ([Id], [Name], [TwoLetteroCode], [ThreeLetteroCode], [NumericCode], [Published], [DisplayOrder]) VALUES (17, N'Canada', N'CA', N'CAN', 124, 1, 0)
INSERT [dbo].[Country] ([Id], [Name], [TwoLetteroCode], [ThreeLetteroCode], [NumericCode], [Published], [DisplayOrder]) VALUES (18, N'Cayman Islands', N'KY', N'CYM', 136, 1, 0)
INSERT [dbo].[Country] ([Id], [Name], [TwoLetteroCode], [ThreeLetteroCode], [NumericCode], [Published], [DisplayOrder]) VALUES (19, N'Chile', N'CL', N'CHL', 152, 1, 0)
INSERT [dbo].[Country] ([Id], [Name], [TwoLetteroCode], [ThreeLetteroCode], [NumericCode], [Published], [DisplayOrder]) VALUES (20, N'China', N'CN', N'CHN', 156, 1, 0)
INSERT [dbo].[Country] ([Id], [Name], [TwoLetteroCode], [ThreeLetteroCode], [NumericCode], [Published], [DisplayOrder]) VALUES (21, N'Colombia', N'CO', N'COL', 170, 1, 0)
INSERT [dbo].[Country] ([Id], [Name], [TwoLetteroCode], [ThreeLetteroCode], [NumericCode], [Published], [DisplayOrder]) VALUES (22, N'Costa Rica', N'CR', N'CRI', 188, 1, 0)
INSERT [dbo].[Country] ([Id], [Name], [TwoLetteroCode], [ThreeLetteroCode], [NumericCode], [Published], [DisplayOrder]) VALUES (23, N'Croatia', N'HR', N'HRV', 191, 1, 0)
INSERT [dbo].[Country] ([Id], [Name], [TwoLetteroCode], [ThreeLetteroCode], [NumericCode], [Published], [DisplayOrder]) VALUES (24, N'Cuba', N'CU', N'CUB', 192, 1, 0)
INSERT [dbo].[Country] ([Id], [Name], [TwoLetteroCode], [ThreeLetteroCode], [NumericCode], [Published], [DisplayOrder]) VALUES (25, N'Cyprus', N'CY', N'CYP', 196, 1, 0)
INSERT [dbo].[Country] ([Id], [Name], [TwoLetteroCode], [ThreeLetteroCode], [NumericCode], [Published], [DisplayOrder]) VALUES (26, N'Czech Republic', N'CZ', N'CZE', 203, 1, 0)
INSERT [dbo].[Country] ([Id], [Name], [TwoLetteroCode], [ThreeLetteroCode], [NumericCode], [Published], [DisplayOrder]) VALUES (27, N'Denmark', N'DK', N'DNK', 208, 1, 0)
INSERT [dbo].[Country] ([Id], [Name], [TwoLetteroCode], [ThreeLetteroCode], [NumericCode], [Published], [DisplayOrder]) VALUES (28, N'Dominican Republic', N'DO', N'DOM', 214, 1, 0)
INSERT [dbo].[Country] ([Id], [Name], [TwoLetteroCode], [ThreeLetteroCode], [NumericCode], [Published], [DisplayOrder]) VALUES (29, N'Ecuador', N'EC', N'ECU', 218, 1, 0)
INSERT [dbo].[Country] ([Id], [Name], [TwoLetteroCode], [ThreeLetteroCode], [NumericCode], [Published], [DisplayOrder]) VALUES (30, N'Egypt', N'EG', N'EGY', 818, 1, 0)
INSERT [dbo].[Country] ([Id], [Name], [TwoLetteroCode], [ThreeLetteroCode], [NumericCode], [Published], [DisplayOrder]) VALUES (31, N'Finland', N'FI', N'FIN', 246, 1, 0)
INSERT [dbo].[Country] ([Id], [Name], [TwoLetteroCode], [ThreeLetteroCode], [NumericCode], [Published], [DisplayOrder]) VALUES (32, N'France', N'FR', N'FRA', 250, 1, 0)
INSERT [dbo].[Country] ([Id], [Name], [TwoLetteroCode], [ThreeLetteroCode], [NumericCode], [Published], [DisplayOrder]) VALUES (33, N'Georgia', N'GE', N'GEO', 268, 1, 0)
INSERT [dbo].[Country] ([Id], [Name], [TwoLetteroCode], [ThreeLetteroCode], [NumericCode], [Published], [DisplayOrder]) VALUES (34, N'Germany', N'DE', N'DEU', 276, 1, 0)
INSERT [dbo].[Country] ([Id], [Name], [TwoLetteroCode], [ThreeLetteroCode], [NumericCode], [Published], [DisplayOrder]) VALUES (35, N'Gibraltar', N'GI', N'GIB', 292, 1, 0)
INSERT [dbo].[Country] ([Id], [Name], [TwoLetteroCode], [ThreeLetteroCode], [NumericCode], [Published], [DisplayOrder]) VALUES (36, N'Greece', N'GR', N'GRC', 300, 1, 0)
INSERT [dbo].[Country] ([Id], [Name], [TwoLetteroCode], [ThreeLetteroCode], [NumericCode], [Published], [DisplayOrder]) VALUES (37, N'Guatemala', N'GT', N'GTM', 320, 1, 0)
INSERT [dbo].[Country] ([Id], [Name], [TwoLetteroCode], [ThreeLetteroCode], [NumericCode], [Published], [DisplayOrder]) VALUES (38, N'Hong Kong', N'HK', N'HKG', 344, 1, 0)
INSERT [dbo].[Country] ([Id], [Name], [TwoLetteroCode], [ThreeLetteroCode], [NumericCode], [Published], [DisplayOrder]) VALUES (39, N'Hungary', N'HU', N'HUN', 348, 1, 0)
INSERT [dbo].[Country] ([Id], [Name], [TwoLetteroCode], [ThreeLetteroCode], [NumericCode], [Published], [DisplayOrder]) VALUES (40, N'India', N'IN', N'IND', 356, 1, 0)
INSERT [dbo].[Country] ([Id], [Name], [TwoLetteroCode], [ThreeLetteroCode], [NumericCode], [Published], [DisplayOrder]) VALUES (41, N'Indonesia', N'ID', N'IDN', 360, 1, 0)
INSERT [dbo].[Country] ([Id], [Name], [TwoLetteroCode], [ThreeLetteroCode], [NumericCode], [Published], [DisplayOrder]) VALUES (42, N'Ireland', N'IE', N'IRL', 372, 1, 0)
INSERT [dbo].[Country] ([Id], [Name], [TwoLetteroCode], [ThreeLetteroCode], [NumericCode], [Published], [DisplayOrder]) VALUES (43, N'Israel', N'IL', N'ISR', 376, 1, 0)
INSERT [dbo].[Country] ([Id], [Name], [TwoLetteroCode], [ThreeLetteroCode], [NumericCode], [Published], [DisplayOrder]) VALUES (44, N'Italy', N'IT', N'ITA', 380, 1, 0)
INSERT [dbo].[Country] ([Id], [Name], [TwoLetteroCode], [ThreeLetteroCode], [NumericCode], [Published], [DisplayOrder]) VALUES (45, N'Jamaica', N'JM', N'JAM', 388, 1, 0)
INSERT [dbo].[Country] ([Id], [Name], [TwoLetteroCode], [ThreeLetteroCode], [NumericCode], [Published], [DisplayOrder]) VALUES (46, N'Japan', N'JP', N'JPN', 392, 1, 0)
INSERT [dbo].[Country] ([Id], [Name], [TwoLetteroCode], [ThreeLetteroCode], [NumericCode], [Published], [DisplayOrder]) VALUES (47, N'Jordan', N'JO', N'JOR', 400, 1, 0)
INSERT [dbo].[Country] ([Id], [Name], [TwoLetteroCode], [ThreeLetteroCode], [NumericCode], [Published], [DisplayOrder]) VALUES (48, N'Kazakhstan', N'KZ', N'KAZ', 398, 1, 0)
INSERT [dbo].[Country] ([Id], [Name], [TwoLetteroCode], [ThreeLetteroCode], [NumericCode], [Published], [DisplayOrder]) VALUES (49, N'Korea, Democratic People''s Republic of', N'KP', N'PRK', 408, 1, 0)
INSERT [dbo].[Country] ([Id], [Name], [TwoLetteroCode], [ThreeLetteroCode], [NumericCode], [Published], [DisplayOrder]) VALUES (50, N'Kuwait', N'KW', N'KWT', 414, 1, 0)
INSERT [dbo].[Country] ([Id], [Name], [TwoLetteroCode], [ThreeLetteroCode], [NumericCode], [Published], [DisplayOrder]) VALUES (51, N'Malaysia', N'MY', N'MYS', 458, 1, 0)
INSERT [dbo].[Country] ([Id], [Name], [TwoLetteroCode], [ThreeLetteroCode], [NumericCode], [Published], [DisplayOrder]) VALUES (52, N'Mexico', N'MX', N'MEX', 484, 1, 0)
INSERT [dbo].[Country] ([Id], [Name], [TwoLetteroCode], [ThreeLetteroCode], [NumericCode], [Published], [DisplayOrder]) VALUES (53, N'Netherlands', N'NL', N'NLD', 528, 1, 0)
INSERT [dbo].[Country] ([Id], [Name], [TwoLetteroCode], [ThreeLetteroCode], [NumericCode], [Published], [DisplayOrder]) VALUES (54, N'New Zealand', N'NZ', N'NZL', 554, 1, 0)
INSERT [dbo].[Country] ([Id], [Name], [TwoLetteroCode], [ThreeLetteroCode], [NumericCode], [Published], [DisplayOrder]) VALUES (55, N'Norway', N'NO', N'NOR', 578, 1, 0)
INSERT [dbo].[Country] ([Id], [Name], [TwoLetteroCode], [ThreeLetteroCode], [NumericCode], [Published], [DisplayOrder]) VALUES (56, N'Pakistan', N'PK', N'PAK', 586, 1, 0)
INSERT [dbo].[Country] ([Id], [Name], [TwoLetteroCode], [ThreeLetteroCode], [NumericCode], [Published], [DisplayOrder]) VALUES (57, N'Paraguay', N'PY', N'PRY', 600, 1, 0)
INSERT [dbo].[Country] ([Id], [Name], [TwoLetteroCode], [ThreeLetteroCode], [NumericCode], [Published], [DisplayOrder]) VALUES (58, N'Peru', N'PE', N'PER', 604, 1, 0)
INSERT [dbo].[Country] ([Id], [Name], [TwoLetteroCode], [ThreeLetteroCode], [NumericCode], [Published], [DisplayOrder]) VALUES (59, N'Philippines', N'PH', N'PHL', 608, 1, 0)
INSERT [dbo].[Country] ([Id], [Name], [TwoLetteroCode], [ThreeLetteroCode], [NumericCode], [Published], [DisplayOrder]) VALUES (60, N'Poland', N'PL', N'POL', 616, 1, 0)
INSERT [dbo].[Country] ([Id], [Name], [TwoLetteroCode], [ThreeLetteroCode], [NumericCode], [Published], [DisplayOrder]) VALUES (61, N'Portugal', N'PT', N'PRT', 620, 1, 0)
INSERT [dbo].[Country] ([Id], [Name], [TwoLetteroCode], [ThreeLetteroCode], [NumericCode], [Published], [DisplayOrder]) VALUES (62, N'Puerto Rico', N'PR', N'PRI', 630, 1, 0)
INSERT [dbo].[Country] ([Id], [Name], [TwoLetteroCode], [ThreeLetteroCode], [NumericCode], [Published], [DisplayOrder]) VALUES (63, N'Qatar', N'QA', N'QAT', 634, 1, 0)
INSERT [dbo].[Country] ([Id], [Name], [TwoLetteroCode], [ThreeLetteroCode], [NumericCode], [Published], [DisplayOrder]) VALUES (64, N'Romania', N'RO', N'ROM', 642, 1, 0)
INSERT [dbo].[Country] ([Id], [Name], [TwoLetteroCode], [ThreeLetteroCode], [NumericCode], [Published], [DisplayOrder]) VALUES (65, N'Russia', N'RU', N'RUS', 643, 1, 0)
INSERT [dbo].[Country] ([Id], [Name], [TwoLetteroCode], [ThreeLetteroCode], [NumericCode], [Published], [DisplayOrder]) VALUES (66, N'Saudi Arabia', N'SA', N'SAU', 682, 1, 0)
INSERT [dbo].[Country] ([Id], [Name], [TwoLetteroCode], [ThreeLetteroCode], [NumericCode], [Published], [DisplayOrder]) VALUES (67, N'Singapore', N'SG', N'SGP', 702, 1, 0)
INSERT [dbo].[Country] ([Id], [Name], [TwoLetteroCode], [ThreeLetteroCode], [NumericCode], [Published], [DisplayOrder]) VALUES (68, N'Slovakia (Slovak Republic)', N'SK', N'SVK', 703, 1, 0)
INSERT [dbo].[Country] ([Id], [Name], [TwoLetteroCode], [ThreeLetteroCode], [NumericCode], [Published], [DisplayOrder]) VALUES (69, N'Slovenia', N'SI', N'SVN', 705, 1, 0)
INSERT [dbo].[Country] ([Id], [Name], [TwoLetteroCode], [ThreeLetteroCode], [NumericCode], [Published], [DisplayOrder]) VALUES (70, N'South Africa', N'ZA', N'ZAF', 710, 1, 0)
INSERT [dbo].[Country] ([Id], [Name], [TwoLetteroCode], [ThreeLetteroCode], [NumericCode], [Published], [DisplayOrder]) VALUES (71, N'Spain', N'ES', N'ESP', 724, 1, 0)
INSERT [dbo].[Country] ([Id], [Name], [TwoLetteroCode], [ThreeLetteroCode], [NumericCode], [Published], [DisplayOrder]) VALUES (72, N'Sweden', N'SE', N'SWE', 752, 1, 0)
INSERT [dbo].[Country] ([Id], [Name], [TwoLetteroCode], [ThreeLetteroCode], [NumericCode], [Published], [DisplayOrder]) VALUES (73, N'Switzerland', N'CH', N'CHE', 756, 1, 0)
INSERT [dbo].[Country] ([Id], [Name], [TwoLetteroCode], [ThreeLetteroCode], [NumericCode], [Published], [DisplayOrder]) VALUES (74, N'Taiwan', N'TW', N'TWN', 158, 1, 0)
INSERT [dbo].[Country] ([Id], [Name], [TwoLetteroCode], [ThreeLetteroCode], [NumericCode], [Published], [DisplayOrder]) VALUES (75, N'Thailand', N'TH', N'THA', 764, 1, 0)
INSERT [dbo].[Country] ([Id], [Name], [TwoLetteroCode], [ThreeLetteroCode], [NumericCode], [Published], [DisplayOrder]) VALUES (76, N'Turkey', N'TR', N'TUR', 792, 1, 0)
INSERT [dbo].[Country] ([Id], [Name], [TwoLetteroCode], [ThreeLetteroCode], [NumericCode], [Published], [DisplayOrder]) VALUES (77, N'Ukraine', N'UA', N'UKR', 804, 1, 0)
INSERT [dbo].[Country] ([Id], [Name], [TwoLetteroCode], [ThreeLetteroCode], [NumericCode], [Published], [DisplayOrder]) VALUES (78, N'United Arab Emirates', N'AE', N'ARE', 784, 1, 0)
INSERT [dbo].[Country] ([Id], [Name], [TwoLetteroCode], [ThreeLetteroCode], [NumericCode], [Published], [DisplayOrder]) VALUES (79, N'United Kingdom', N'GB', N'GBR', 826, 1, 0)
INSERT [dbo].[Country] ([Id], [Name], [TwoLetteroCode], [ThreeLetteroCode], [NumericCode], [Published], [DisplayOrder]) VALUES (80, N'United States', N'US', N'USA', 840, 1, 1)
INSERT [dbo].[Country] ([Id], [Name], [TwoLetteroCode], [ThreeLetteroCode], [NumericCode], [Published], [DisplayOrder]) VALUES (81, N'United States minor outlying islands', N'UM', N'UMI', 581, 1, 0)
INSERT [dbo].[Country] ([Id], [Name], [TwoLetteroCode], [ThreeLetteroCode], [NumericCode], [Published], [DisplayOrder]) VALUES (82, N'Uruguay', N'UY', N'URY', 858, 1, 0)
INSERT [dbo].[Country] ([Id], [Name], [TwoLetteroCode], [ThreeLetteroCode], [NumericCode], [Published], [DisplayOrder]) VALUES (83, N'Uzbekistan', N'UZ', N'UZB', 860, 1, 0)
INSERT [dbo].[Country] ([Id], [Name], [TwoLetteroCode], [ThreeLetteroCode], [NumericCode], [Published], [DisplayOrder]) VALUES (84, N'Venezuela', N'VE', N'VEN', 862, 1, 0)
INSERT [dbo].[Country] ([Id], [Name], [TwoLetteroCode], [ThreeLetteroCode], [NumericCode], [Published], [DisplayOrder]) VALUES (85, N'Serbia', N'RS', N'SRB', 688, 1, 0)
INSERT [dbo].[Country] ([Id], [Name], [TwoLetteroCode], [ThreeLetteroCode], [NumericCode], [Published], [DisplayOrder]) VALUES (86, N'Afghanistan', N'AF', N'AFG', 4, 1, 0)
INSERT [dbo].[Country] ([Id], [Name], [TwoLetteroCode], [ThreeLetteroCode], [NumericCode], [Published], [DisplayOrder]) VALUES (87, N'Albania', N'AL', N'ALB', 8, 1, 0)
INSERT [dbo].[Country] ([Id], [Name], [TwoLetteroCode], [ThreeLetteroCode], [NumericCode], [Published], [DisplayOrder]) VALUES (88, N'Algeria', N'DZ', N'DZA', 12, 1, 0)
INSERT [dbo].[Country] ([Id], [Name], [TwoLetteroCode], [ThreeLetteroCode], [NumericCode], [Published], [DisplayOrder]) VALUES (89, N'American Samoa', N'AS', N'ASM', 16, 1, 0)
INSERT [dbo].[Country] ([Id], [Name], [TwoLetteroCode], [ThreeLetteroCode], [NumericCode], [Published], [DisplayOrder]) VALUES (90, N'Andorra', N'AD', N'AND', 20, 1, 0)
INSERT [dbo].[Country] ([Id], [Name], [TwoLetteroCode], [ThreeLetteroCode], [NumericCode], [Published], [DisplayOrder]) VALUES (91, N'Angola', N'AO', N'AGO', 24, 1, 0)
INSERT [dbo].[Country] ([Id], [Name], [TwoLetteroCode], [ThreeLetteroCode], [NumericCode], [Published], [DisplayOrder]) VALUES (92, N'Anguilla', N'AI', N'AIA', 660, 1, 0)
INSERT [dbo].[Country] ([Id], [Name], [TwoLetteroCode], [ThreeLetteroCode], [NumericCode], [Published], [DisplayOrder]) VALUES (93, N'Antarctica', N'AQ', N'ATA', 10, 1, 0)
INSERT [dbo].[Country] ([Id], [Name], [TwoLetteroCode], [ThreeLetteroCode], [NumericCode], [Published], [DisplayOrder]) VALUES (94, N'Antigua and Barbuda', N'AG', N'ATG', 28, 1, 0)
INSERT [dbo].[Country] ([Id], [Name], [TwoLetteroCode], [ThreeLetteroCode], [NumericCode], [Published], [DisplayOrder]) VALUES (95, N'Bahrain', N'BH', N'BHR', 48, 1, 0)
INSERT [dbo].[Country] ([Id], [Name], [TwoLetteroCode], [ThreeLetteroCode], [NumericCode], [Published], [DisplayOrder]) VALUES (96, N'Barbados', N'BB', N'BRB', 52, 1, 0)
INSERT [dbo].[Country] ([Id], [Name], [TwoLetteroCode], [ThreeLetteroCode], [NumericCode], [Published], [DisplayOrder]) VALUES (97, N'Benin', N'BJ', N'BEN', 204, 1, 0)
INSERT [dbo].[Country] ([Id], [Name], [TwoLetteroCode], [ThreeLetteroCode], [NumericCode], [Published], [DisplayOrder]) VALUES (98, N'Bhutan', N'BT', N'BTN', 64, 1, 0)
INSERT [dbo].[Country] ([Id], [Name], [TwoLetteroCode], [ThreeLetteroCode], [NumericCode], [Published], [DisplayOrder]) VALUES (99, N'Botswana', N'BW', N'BWA', 72, 1, 0)
GO
INSERT [dbo].[Country] ([Id], [Name], [TwoLetteroCode], [ThreeLetteroCode], [NumericCode], [Published], [DisplayOrder]) VALUES (100, N'Bouvet Island', N'BV', N'BVT', 74, 1, 0)
INSERT [dbo].[Country] ([Id], [Name], [TwoLetteroCode], [ThreeLetteroCode], [NumericCode], [Published], [DisplayOrder]) VALUES (101, N'British Indian Ocean Territory', N'IO', N'IOT', 86, 1, 0)
INSERT [dbo].[Country] ([Id], [Name], [TwoLetteroCode], [ThreeLetteroCode], [NumericCode], [Published], [DisplayOrder]) VALUES (102, N'Brunei Darussalam', N'BN', N'BRN', 96, 1, 0)
INSERT [dbo].[Country] ([Id], [Name], [TwoLetteroCode], [ThreeLetteroCode], [NumericCode], [Published], [DisplayOrder]) VALUES (103, N'Burkina Faso', N'BF', N'BFA', 854, 1, 0)
INSERT [dbo].[Country] ([Id], [Name], [TwoLetteroCode], [ThreeLetteroCode], [NumericCode], [Published], [DisplayOrder]) VALUES (104, N'Burundi', N'BI', N'BDI', 108, 1, 0)
INSERT [dbo].[Country] ([Id], [Name], [TwoLetteroCode], [ThreeLetteroCode], [NumericCode], [Published], [DisplayOrder]) VALUES (105, N'Cambodia', N'KH', N'KHM', 116, 1, 0)
INSERT [dbo].[Country] ([Id], [Name], [TwoLetteroCode], [ThreeLetteroCode], [NumericCode], [Published], [DisplayOrder]) VALUES (106, N'Cameroon', N'CM', N'CMR', 120, 1, 0)
INSERT [dbo].[Country] ([Id], [Name], [TwoLetteroCode], [ThreeLetteroCode], [NumericCode], [Published], [DisplayOrder]) VALUES (107, N'Cape Verde', N'CV', N'CPV', 132, 1, 0)
INSERT [dbo].[Country] ([Id], [Name], [TwoLetteroCode], [ThreeLetteroCode], [NumericCode], [Published], [DisplayOrder]) VALUES (108, N'Central African Republic', N'CF', N'CAF', 140, 1, 0)
INSERT [dbo].[Country] ([Id], [Name], [TwoLetteroCode], [ThreeLetteroCode], [NumericCode], [Published], [DisplayOrder]) VALUES (109, N'Chad', N'TD', N'TCD', 148, 1, 0)
INSERT [dbo].[Country] ([Id], [Name], [TwoLetteroCode], [ThreeLetteroCode], [NumericCode], [Published], [DisplayOrder]) VALUES (110, N'Christmas Island', N'CX', N'CXR', 162, 1, 0)
INSERT [dbo].[Country] ([Id], [Name], [TwoLetteroCode], [ThreeLetteroCode], [NumericCode], [Published], [DisplayOrder]) VALUES (111, N'Cocos (Keeling) Islands', N'CC', N'CCK', 166, 1, 0)
INSERT [dbo].[Country] ([Id], [Name], [TwoLetteroCode], [ThreeLetteroCode], [NumericCode], [Published], [DisplayOrder]) VALUES (112, N'Comoros', N'KM', N'COM', 174, 1, 0)
INSERT [dbo].[Country] ([Id], [Name], [TwoLetteroCode], [ThreeLetteroCode], [NumericCode], [Published], [DisplayOrder]) VALUES (113, N'Congo', N'CG', N'COG', 178, 1, 0)
INSERT [dbo].[Country] ([Id], [Name], [TwoLetteroCode], [ThreeLetteroCode], [NumericCode], [Published], [DisplayOrder]) VALUES (114, N'Cook Islands', N'CK', N'COK', 184, 1, 0)
INSERT [dbo].[Country] ([Id], [Name], [TwoLetteroCode], [ThreeLetteroCode], [NumericCode], [Published], [DisplayOrder]) VALUES (115, N'Cote D''Ivoire', N'CI', N'CIV', 384, 1, 0)
INSERT [dbo].[Country] ([Id], [Name], [TwoLetteroCode], [ThreeLetteroCode], [NumericCode], [Published], [DisplayOrder]) VALUES (116, N'Djibouti', N'DJ', N'DJI', 262, 1, 0)
INSERT [dbo].[Country] ([Id], [Name], [TwoLetteroCode], [ThreeLetteroCode], [NumericCode], [Published], [DisplayOrder]) VALUES (117, N'Dominica', N'DM', N'DMA', 212, 1, 0)
INSERT [dbo].[Country] ([Id], [Name], [TwoLetteroCode], [ThreeLetteroCode], [NumericCode], [Published], [DisplayOrder]) VALUES (118, N'El Salvador', N'SV', N'SLV', 222, 1, 0)
INSERT [dbo].[Country] ([Id], [Name], [TwoLetteroCode], [ThreeLetteroCode], [NumericCode], [Published], [DisplayOrder]) VALUES (119, N'Equatorial Guinea', N'GQ', N'GNQ', 226, 1, 0)
INSERT [dbo].[Country] ([Id], [Name], [TwoLetteroCode], [ThreeLetteroCode], [NumericCode], [Published], [DisplayOrder]) VALUES (120, N'Eritrea', N'ER', N'ERI', 232, 1, 0)
INSERT [dbo].[Country] ([Id], [Name], [TwoLetteroCode], [ThreeLetteroCode], [NumericCode], [Published], [DisplayOrder]) VALUES (121, N'Estonia', N'EE', N'EST', 233, 1, 0)
INSERT [dbo].[Country] ([Id], [Name], [TwoLetteroCode], [ThreeLetteroCode], [NumericCode], [Published], [DisplayOrder]) VALUES (122, N'Ethiopia', N'ET', N'ETH', 231, 1, 0)
INSERT [dbo].[Country] ([Id], [Name], [TwoLetteroCode], [ThreeLetteroCode], [NumericCode], [Published], [DisplayOrder]) VALUES (123, N'Falkland Islands (Malvinas)', N'FK', N'FLK', 238, 1, 0)
INSERT [dbo].[Country] ([Id], [Name], [TwoLetteroCode], [ThreeLetteroCode], [NumericCode], [Published], [DisplayOrder]) VALUES (124, N'Faroe Islands', N'FO', N'FRO', 234, 1, 0)
INSERT [dbo].[Country] ([Id], [Name], [TwoLetteroCode], [ThreeLetteroCode], [NumericCode], [Published], [DisplayOrder]) VALUES (125, N'Fiji', N'FJ', N'FJI', 242, 1, 0)
INSERT [dbo].[Country] ([Id], [Name], [TwoLetteroCode], [ThreeLetteroCode], [NumericCode], [Published], [DisplayOrder]) VALUES (126, N'French Guiana', N'GF', N'GUF', 254, 1, 0)
INSERT [dbo].[Country] ([Id], [Name], [TwoLetteroCode], [ThreeLetteroCode], [NumericCode], [Published], [DisplayOrder]) VALUES (127, N'French Polynesia', N'PF', N'PYF', 258, 1, 0)
INSERT [dbo].[Country] ([Id], [Name], [TwoLetteroCode], [ThreeLetteroCode], [NumericCode], [Published], [DisplayOrder]) VALUES (128, N'French Southern Territories', N'TF', N'ATF', 260, 1, 0)
INSERT [dbo].[Country] ([Id], [Name], [TwoLetteroCode], [ThreeLetteroCode], [NumericCode], [Published], [DisplayOrder]) VALUES (129, N'Gabon', N'GA', N'GAB', 266, 1, 0)
INSERT [dbo].[Country] ([Id], [Name], [TwoLetteroCode], [ThreeLetteroCode], [NumericCode], [Published], [DisplayOrder]) VALUES (130, N'Gambia', N'GM', N'GMB', 270, 1, 0)
INSERT [dbo].[Country] ([Id], [Name], [TwoLetteroCode], [ThreeLetteroCode], [NumericCode], [Published], [DisplayOrder]) VALUES (131, N'Ghana', N'GH', N'GHA', 288, 1, 0)
INSERT [dbo].[Country] ([Id], [Name], [TwoLetteroCode], [ThreeLetteroCode], [NumericCode], [Published], [DisplayOrder]) VALUES (132, N'Greenland', N'GL', N'GRL', 304, 1, 0)
INSERT [dbo].[Country] ([Id], [Name], [TwoLetteroCode], [ThreeLetteroCode], [NumericCode], [Published], [DisplayOrder]) VALUES (133, N'Grenada', N'GD', N'GRD', 308, 1, 0)
INSERT [dbo].[Country] ([Id], [Name], [TwoLetteroCode], [ThreeLetteroCode], [NumericCode], [Published], [DisplayOrder]) VALUES (134, N'Guadeloupe', N'GP', N'GLP', 312, 1, 0)
INSERT [dbo].[Country] ([Id], [Name], [TwoLetteroCode], [ThreeLetteroCode], [NumericCode], [Published], [DisplayOrder]) VALUES (135, N'Guam', N'GU', N'GUM', 316, 1, 0)
INSERT [dbo].[Country] ([Id], [Name], [TwoLetteroCode], [ThreeLetteroCode], [NumericCode], [Published], [DisplayOrder]) VALUES (136, N'Guinea', N'GN', N'GIN', 324, 1, 0)
INSERT [dbo].[Country] ([Id], [Name], [TwoLetteroCode], [ThreeLetteroCode], [NumericCode], [Published], [DisplayOrder]) VALUES (137, N'Guinea-bissau', N'GW', N'GNB', 624, 1, 0)
INSERT [dbo].[Country] ([Id], [Name], [TwoLetteroCode], [ThreeLetteroCode], [NumericCode], [Published], [DisplayOrder]) VALUES (138, N'Guyana', N'GY', N'GUY', 328, 1, 0)
INSERT [dbo].[Country] ([Id], [Name], [TwoLetteroCode], [ThreeLetteroCode], [NumericCode], [Published], [DisplayOrder]) VALUES (139, N'Haiti', N'HT', N'HTI', 332, 1, 0)
INSERT [dbo].[Country] ([Id], [Name], [TwoLetteroCode], [ThreeLetteroCode], [NumericCode], [Published], [DisplayOrder]) VALUES (140, N'Heard and Mc Donald Islands', N'HM', N'HMD', 334, 1, 0)
INSERT [dbo].[Country] ([Id], [Name], [TwoLetteroCode], [ThreeLetteroCode], [NumericCode], [Published], [DisplayOrder]) VALUES (141, N'Honduras', N'HN', N'HND', 340, 1, 0)
INSERT [dbo].[Country] ([Id], [Name], [TwoLetteroCode], [ThreeLetteroCode], [NumericCode], [Published], [DisplayOrder]) VALUES (142, N'Iceland', N'IS', N'ISL', 352, 1, 0)
INSERT [dbo].[Country] ([Id], [Name], [TwoLetteroCode], [ThreeLetteroCode], [NumericCode], [Published], [DisplayOrder]) VALUES (143, N'Iran (Islamic Republic of)', N'IR', N'IRN', 364, 1, 0)
INSERT [dbo].[Country] ([Id], [Name], [TwoLetteroCode], [ThreeLetteroCode], [NumericCode], [Published], [DisplayOrder]) VALUES (144, N'Iraq', N'IQ', N'IRQ', 368, 1, 0)
INSERT [dbo].[Country] ([Id], [Name], [TwoLetteroCode], [ThreeLetteroCode], [NumericCode], [Published], [DisplayOrder]) VALUES (145, N'Kenya', N'KE', N'KEN', 404, 1, 0)
INSERT [dbo].[Country] ([Id], [Name], [TwoLetteroCode], [ThreeLetteroCode], [NumericCode], [Published], [DisplayOrder]) VALUES (146, N'Kiribati', N'KI', N'KIR', 296, 1, 0)
INSERT [dbo].[Country] ([Id], [Name], [TwoLetteroCode], [ThreeLetteroCode], [NumericCode], [Published], [DisplayOrder]) VALUES (147, N'Korea', N'KR', N'KOR', 410, 1, 0)
INSERT [dbo].[Country] ([Id], [Name], [TwoLetteroCode], [ThreeLetteroCode], [NumericCode], [Published], [DisplayOrder]) VALUES (148, N'Kyrgyzstan', N'KG', N'KGZ', 417, 1, 0)
INSERT [dbo].[Country] ([Id], [Name], [TwoLetteroCode], [ThreeLetteroCode], [NumericCode], [Published], [DisplayOrder]) VALUES (149, N'Lao People''s Democratic Republic', N'LA', N'LAO', 418, 1, 0)
INSERT [dbo].[Country] ([Id], [Name], [TwoLetteroCode], [ThreeLetteroCode], [NumericCode], [Published], [DisplayOrder]) VALUES (150, N'Latvia', N'LV', N'LVA', 428, 1, 0)
INSERT [dbo].[Country] ([Id], [Name], [TwoLetteroCode], [ThreeLetteroCode], [NumericCode], [Published], [DisplayOrder]) VALUES (151, N'Lebanon', N'LB', N'LBN', 422, 1, 0)
INSERT [dbo].[Country] ([Id], [Name], [TwoLetteroCode], [ThreeLetteroCode], [NumericCode], [Published], [DisplayOrder]) VALUES (152, N'Lesotho', N'LS', N'LSO', 426, 1, 0)
INSERT [dbo].[Country] ([Id], [Name], [TwoLetteroCode], [ThreeLetteroCode], [NumericCode], [Published], [DisplayOrder]) VALUES (153, N'Liberia', N'LR', N'LBR', 430, 1, 0)
INSERT [dbo].[Country] ([Id], [Name], [TwoLetteroCode], [ThreeLetteroCode], [NumericCode], [Published], [DisplayOrder]) VALUES (154, N'Libyan Arab Jamahiriya', N'LY', N'LBY', 434, 1, 0)
INSERT [dbo].[Country] ([Id], [Name], [TwoLetteroCode], [ThreeLetteroCode], [NumericCode], [Published], [DisplayOrder]) VALUES (155, N'Liechtenstein', N'LI', N'LIE', 438, 1, 0)
INSERT [dbo].[Country] ([Id], [Name], [TwoLetteroCode], [ThreeLetteroCode], [NumericCode], [Published], [DisplayOrder]) VALUES (156, N'Lithuania', N'LT', N'LTU', 440, 1, 0)
INSERT [dbo].[Country] ([Id], [Name], [TwoLetteroCode], [ThreeLetteroCode], [NumericCode], [Published], [DisplayOrder]) VALUES (157, N'Luxembourg', N'LU', N'LUX', 442, 1, 0)
INSERT [dbo].[Country] ([Id], [Name], [TwoLetteroCode], [ThreeLetteroCode], [NumericCode], [Published], [DisplayOrder]) VALUES (158, N'Macau', N'MO', N'MAC', 446, 1, 0)
INSERT [dbo].[Country] ([Id], [Name], [TwoLetteroCode], [ThreeLetteroCode], [NumericCode], [Published], [DisplayOrder]) VALUES (159, N'Macedonia', N'MK', N'MKD', 807, 1, 0)
INSERT [dbo].[Country] ([Id], [Name], [TwoLetteroCode], [ThreeLetteroCode], [NumericCode], [Published], [DisplayOrder]) VALUES (160, N'Madagascar', N'MG', N'MDG', 450, 1, 0)
INSERT [dbo].[Country] ([Id], [Name], [TwoLetteroCode], [ThreeLetteroCode], [NumericCode], [Published], [DisplayOrder]) VALUES (161, N'Malawi', N'MW', N'MWI', 454, 1, 0)
INSERT [dbo].[Country] ([Id], [Name], [TwoLetteroCode], [ThreeLetteroCode], [NumericCode], [Published], [DisplayOrder]) VALUES (162, N'Maldives', N'MV', N'MDV', 462, 1, 0)
INSERT [dbo].[Country] ([Id], [Name], [TwoLetteroCode], [ThreeLetteroCode], [NumericCode], [Published], [DisplayOrder]) VALUES (163, N'Mali', N'ML', N'MLI', 466, 1, 0)
INSERT [dbo].[Country] ([Id], [Name], [TwoLetteroCode], [ThreeLetteroCode], [NumericCode], [Published], [DisplayOrder]) VALUES (164, N'Malta', N'MT', N'MLT', 470, 1, 0)
INSERT [dbo].[Country] ([Id], [Name], [TwoLetteroCode], [ThreeLetteroCode], [NumericCode], [Published], [DisplayOrder]) VALUES (165, N'Marshall Islands', N'MH', N'MHL', 584, 1, 0)
INSERT [dbo].[Country] ([Id], [Name], [TwoLetteroCode], [ThreeLetteroCode], [NumericCode], [Published], [DisplayOrder]) VALUES (166, N'Martinique', N'MQ', N'MTQ', 474, 1, 0)
INSERT [dbo].[Country] ([Id], [Name], [TwoLetteroCode], [ThreeLetteroCode], [NumericCode], [Published], [DisplayOrder]) VALUES (167, N'Mauritania', N'MR', N'MRT', 478, 1, 0)
INSERT [dbo].[Country] ([Id], [Name], [TwoLetteroCode], [ThreeLetteroCode], [NumericCode], [Published], [DisplayOrder]) VALUES (168, N'Mauritius', N'MU', N'MUS', 480, 1, 0)
INSERT [dbo].[Country] ([Id], [Name], [TwoLetteroCode], [ThreeLetteroCode], [NumericCode], [Published], [DisplayOrder]) VALUES (169, N'Mayotte', N'YT', N'MYT', 175, 1, 0)
INSERT [dbo].[Country] ([Id], [Name], [TwoLetteroCode], [ThreeLetteroCode], [NumericCode], [Published], [DisplayOrder]) VALUES (170, N'Micronesia', N'FM', N'FSM', 583, 1, 0)
INSERT [dbo].[Country] ([Id], [Name], [TwoLetteroCode], [ThreeLetteroCode], [NumericCode], [Published], [DisplayOrder]) VALUES (171, N'Moldova', N'MD', N'MDA', 498, 1, 0)
INSERT [dbo].[Country] ([Id], [Name], [TwoLetteroCode], [ThreeLetteroCode], [NumericCode], [Published], [DisplayOrder]) VALUES (172, N'Monaco', N'MC', N'MCO', 492, 1, 0)
INSERT [dbo].[Country] ([Id], [Name], [TwoLetteroCode], [ThreeLetteroCode], [NumericCode], [Published], [DisplayOrder]) VALUES (173, N'Mongolia', N'MN', N'MNG', 496, 1, 0)
INSERT [dbo].[Country] ([Id], [Name], [TwoLetteroCode], [ThreeLetteroCode], [NumericCode], [Published], [DisplayOrder]) VALUES (174, N'Montenegro', N'ME', N'MNE', 499, 1, 0)
INSERT [dbo].[Country] ([Id], [Name], [TwoLetteroCode], [ThreeLetteroCode], [NumericCode], [Published], [DisplayOrder]) VALUES (175, N'Montserrat', N'MS', N'MSR', 500, 1, 0)
INSERT [dbo].[Country] ([Id], [Name], [TwoLetteroCode], [ThreeLetteroCode], [NumericCode], [Published], [DisplayOrder]) VALUES (176, N'Morocco', N'MA', N'MAR', 504, 1, 0)
INSERT [dbo].[Country] ([Id], [Name], [TwoLetteroCode], [ThreeLetteroCode], [NumericCode], [Published], [DisplayOrder]) VALUES (177, N'Mozambique', N'MZ', N'MOZ', 508, 1, 0)
INSERT [dbo].[Country] ([Id], [Name], [TwoLetteroCode], [ThreeLetteroCode], [NumericCode], [Published], [DisplayOrder]) VALUES (178, N'Myanmar', N'MM', N'MMR', 104, 1, 0)
INSERT [dbo].[Country] ([Id], [Name], [TwoLetteroCode], [ThreeLetteroCode], [NumericCode], [Published], [DisplayOrder]) VALUES (179, N'Namibia', N'NA', N'NAM', 516, 1, 0)
INSERT [dbo].[Country] ([Id], [Name], [TwoLetteroCode], [ThreeLetteroCode], [NumericCode], [Published], [DisplayOrder]) VALUES (180, N'Nauru', N'NR', N'NRU', 520, 1, 0)
INSERT [dbo].[Country] ([Id], [Name], [TwoLetteroCode], [ThreeLetteroCode], [NumericCode], [Published], [DisplayOrder]) VALUES (181, N'Nepal', N'NP', N'NPL', 524, 1, 0)
INSERT [dbo].[Country] ([Id], [Name], [TwoLetteroCode], [ThreeLetteroCode], [NumericCode], [Published], [DisplayOrder]) VALUES (182, N'Netherlands Antilles', N'AN', N'ANT', 530, 1, 0)
INSERT [dbo].[Country] ([Id], [Name], [TwoLetteroCode], [ThreeLetteroCode], [NumericCode], [Published], [DisplayOrder]) VALUES (183, N'New Caledonia', N'NC', N'NCL', 540, 1, 0)
INSERT [dbo].[Country] ([Id], [Name], [TwoLetteroCode], [ThreeLetteroCode], [NumericCode], [Published], [DisplayOrder]) VALUES (184, N'Nicaragua', N'NI', N'NIC', 558, 1, 0)
INSERT [dbo].[Country] ([Id], [Name], [TwoLetteroCode], [ThreeLetteroCode], [NumericCode], [Published], [DisplayOrder]) VALUES (185, N'Niger', N'NE', N'NER', 562, 1, 0)
INSERT [dbo].[Country] ([Id], [Name], [TwoLetteroCode], [ThreeLetteroCode], [NumericCode], [Published], [DisplayOrder]) VALUES (186, N'Nigeria', N'NG', N'NGA', 566, 1, 0)
INSERT [dbo].[Country] ([Id], [Name], [TwoLetteroCode], [ThreeLetteroCode], [NumericCode], [Published], [DisplayOrder]) VALUES (187, N'Niue', N'NU', N'NIU', 570, 1, 0)
INSERT [dbo].[Country] ([Id], [Name], [TwoLetteroCode], [ThreeLetteroCode], [NumericCode], [Published], [DisplayOrder]) VALUES (188, N'Norfolk Island', N'NF', N'NFK', 574, 1, 0)
INSERT [dbo].[Country] ([Id], [Name], [TwoLetteroCode], [ThreeLetteroCode], [NumericCode], [Published], [DisplayOrder]) VALUES (189, N'Northern Mariana Islands', N'MP', N'MNP', 580, 1, 0)
INSERT [dbo].[Country] ([Id], [Name], [TwoLetteroCode], [ThreeLetteroCode], [NumericCode], [Published], [DisplayOrder]) VALUES (190, N'Oman', N'OM', N'OMN', 512, 1, 0)
INSERT [dbo].[Country] ([Id], [Name], [TwoLetteroCode], [ThreeLetteroCode], [NumericCode], [Published], [DisplayOrder]) VALUES (191, N'Palau', N'PW', N'PLW', 585, 1, 0)
INSERT [dbo].[Country] ([Id], [Name], [TwoLetteroCode], [ThreeLetteroCode], [NumericCode], [Published], [DisplayOrder]) VALUES (192, N'Panama', N'PA', N'PAN', 591, 1, 0)
INSERT [dbo].[Country] ([Id], [Name], [TwoLetteroCode], [ThreeLetteroCode], [NumericCode], [Published], [DisplayOrder]) VALUES (193, N'Papua New Guinea', N'PG', N'PNG', 598, 1, 0)
INSERT [dbo].[Country] ([Id], [Name], [TwoLetteroCode], [ThreeLetteroCode], [NumericCode], [Published], [DisplayOrder]) VALUES (194, N'Pitcairn', N'PN', N'PCN', 612, 1, 0)
INSERT [dbo].[Country] ([Id], [Name], [TwoLetteroCode], [ThreeLetteroCode], [NumericCode], [Published], [DisplayOrder]) VALUES (195, N'Reunion', N'RE', N'REU', 638, 1, 0)
INSERT [dbo].[Country] ([Id], [Name], [TwoLetteroCode], [ThreeLetteroCode], [NumericCode], [Published], [DisplayOrder]) VALUES (196, N'Rwanda', N'RW', N'RWA', 646, 1, 0)
INSERT [dbo].[Country] ([Id], [Name], [TwoLetteroCode], [ThreeLetteroCode], [NumericCode], [Published], [DisplayOrder]) VALUES (197, N'Saint Kitts and Nevis', N'KN', N'KNA', 659, 1, 0)
INSERT [dbo].[Country] ([Id], [Name], [TwoLetteroCode], [ThreeLetteroCode], [NumericCode], [Published], [DisplayOrder]) VALUES (198, N'Saint Lucia', N'LC', N'LCA', 662, 1, 0)
INSERT [dbo].[Country] ([Id], [Name], [TwoLetteroCode], [ThreeLetteroCode], [NumericCode], [Published], [DisplayOrder]) VALUES (199, N'Saint Vincent and the Grenadines', N'VC', N'VCT', 670, 1, 0)
GO
INSERT [dbo].[Country] ([Id], [Name], [TwoLetteroCode], [ThreeLetteroCode], [NumericCode], [Published], [DisplayOrder]) VALUES (200, N'Samoa', N'WS', N'WSM', 882, 1, 0)
INSERT [dbo].[Country] ([Id], [Name], [TwoLetteroCode], [ThreeLetteroCode], [NumericCode], [Published], [DisplayOrder]) VALUES (201, N'San Marino', N'SM', N'SMR', 674, 1, 0)
INSERT [dbo].[Country] ([Id], [Name], [TwoLetteroCode], [ThreeLetteroCode], [NumericCode], [Published], [DisplayOrder]) VALUES (202, N'Sao Tome and Principe', N'ST', N'STP', 678, 1, 0)
INSERT [dbo].[Country] ([Id], [Name], [TwoLetteroCode], [ThreeLetteroCode], [NumericCode], [Published], [DisplayOrder]) VALUES (203, N'Senegal', N'SN', N'SEN', 686, 1, 0)
INSERT [dbo].[Country] ([Id], [Name], [TwoLetteroCode], [ThreeLetteroCode], [NumericCode], [Published], [DisplayOrder]) VALUES (204, N'Seychelles', N'SC', N'SYC', 690, 1, 0)
INSERT [dbo].[Country] ([Id], [Name], [TwoLetteroCode], [ThreeLetteroCode], [NumericCode], [Published], [DisplayOrder]) VALUES (205, N'Sierra Leone', N'SL', N'SLE', 694, 1, 0)
INSERT [dbo].[Country] ([Id], [Name], [TwoLetteroCode], [ThreeLetteroCode], [NumericCode], [Published], [DisplayOrder]) VALUES (206, N'Solomon Islands', N'SB', N'SLB', 90, 1, 0)
INSERT [dbo].[Country] ([Id], [Name], [TwoLetteroCode], [ThreeLetteroCode], [NumericCode], [Published], [DisplayOrder]) VALUES (207, N'Somalia', N'SO', N'SOM', 706, 1, 0)
INSERT [dbo].[Country] ([Id], [Name], [TwoLetteroCode], [ThreeLetteroCode], [NumericCode], [Published], [DisplayOrder]) VALUES (208, N'South Georgia & South Sandwich Islands', N'GS', N'SGS', 239, 1, 0)
INSERT [dbo].[Country] ([Id], [Name], [TwoLetteroCode], [ThreeLetteroCode], [NumericCode], [Published], [DisplayOrder]) VALUES (209, N'Sri Lanka', N'LK', N'LKA', 144, 1, 0)
INSERT [dbo].[Country] ([Id], [Name], [TwoLetteroCode], [ThreeLetteroCode], [NumericCode], [Published], [DisplayOrder]) VALUES (210, N'St. Helena', N'SH', N'SHN', 654, 1, 0)
INSERT [dbo].[Country] ([Id], [Name], [TwoLetteroCode], [ThreeLetteroCode], [NumericCode], [Published], [DisplayOrder]) VALUES (211, N'St. Pierre and Miquelon', N'PM', N'SPM', 666, 1, 0)
INSERT [dbo].[Country] ([Id], [Name], [TwoLetteroCode], [ThreeLetteroCode], [NumericCode], [Published], [DisplayOrder]) VALUES (212, N'Sudan', N'SD', N'SDN', 736, 1, 0)
INSERT [dbo].[Country] ([Id], [Name], [TwoLetteroCode], [ThreeLetteroCode], [NumericCode], [Published], [DisplayOrder]) VALUES (213, N'Suriname', N'SR', N'SUR', 740, 1, 0)
INSERT [dbo].[Country] ([Id], [Name], [TwoLetteroCode], [ThreeLetteroCode], [NumericCode], [Published], [DisplayOrder]) VALUES (214, N'Svalbard and Jan Mayen Islands', N'SJ', N'SJM', 744, 1, 0)
INSERT [dbo].[Country] ([Id], [Name], [TwoLetteroCode], [ThreeLetteroCode], [NumericCode], [Published], [DisplayOrder]) VALUES (215, N'Swaziland', N'SZ', N'SWZ', 748, 1, 0)
INSERT [dbo].[Country] ([Id], [Name], [TwoLetteroCode], [ThreeLetteroCode], [NumericCode], [Published], [DisplayOrder]) VALUES (216, N'Syrian Arab Republic', N'SY', N'SYR', 760, 1, 0)
INSERT [dbo].[Country] ([Id], [Name], [TwoLetteroCode], [ThreeLetteroCode], [NumericCode], [Published], [DisplayOrder]) VALUES (217, N'Tajikistan', N'TJ', N'TJK', 762, 1, 0)
INSERT [dbo].[Country] ([Id], [Name], [TwoLetteroCode], [ThreeLetteroCode], [NumericCode], [Published], [DisplayOrder]) VALUES (218, N'Tanzania', N'TZ', N'TZA', 834, 1, 0)
INSERT [dbo].[Country] ([Id], [Name], [TwoLetteroCode], [ThreeLetteroCode], [NumericCode], [Published], [DisplayOrder]) VALUES (219, N'Togo', N'TG', N'TGO', 768, 1, 0)
INSERT [dbo].[Country] ([Id], [Name], [TwoLetteroCode], [ThreeLetteroCode], [NumericCode], [Published], [DisplayOrder]) VALUES (220, N'Tokelau', N'TK', N'TKL', 772, 1, 0)
INSERT [dbo].[Country] ([Id], [Name], [TwoLetteroCode], [ThreeLetteroCode], [NumericCode], [Published], [DisplayOrder]) VALUES (221, N'Tonga', N'TO', N'TON', 776, 1, 0)
INSERT [dbo].[Country] ([Id], [Name], [TwoLetteroCode], [ThreeLetteroCode], [NumericCode], [Published], [DisplayOrder]) VALUES (222, N'Trinidad and Tobago', N'TT', N'TTO', 780, 1, 0)
INSERT [dbo].[Country] ([Id], [Name], [TwoLetteroCode], [ThreeLetteroCode], [NumericCode], [Published], [DisplayOrder]) VALUES (223, N'Tunisia', N'TN', N'TUN', 788, 1, 0)
INSERT [dbo].[Country] ([Id], [Name], [TwoLetteroCode], [ThreeLetteroCode], [NumericCode], [Published], [DisplayOrder]) VALUES (224, N'Turkmenistan', N'TM', N'TKM', 795, 1, 0)
INSERT [dbo].[Country] ([Id], [Name], [TwoLetteroCode], [ThreeLetteroCode], [NumericCode], [Published], [DisplayOrder]) VALUES (225, N'Turks and Caicos Islands', N'TC', N'TCA', 796, 1, 0)
INSERT [dbo].[Country] ([Id], [Name], [TwoLetteroCode], [ThreeLetteroCode], [NumericCode], [Published], [DisplayOrder]) VALUES (226, N'Tuvalu', N'TV', N'TUV', 798, 1, 0)
INSERT [dbo].[Country] ([Id], [Name], [TwoLetteroCode], [ThreeLetteroCode], [NumericCode], [Published], [DisplayOrder]) VALUES (227, N'Uganda', N'UG', N'UGA', 800, 1, 0)
INSERT [dbo].[Country] ([Id], [Name], [TwoLetteroCode], [ThreeLetteroCode], [NumericCode], [Published], [DisplayOrder]) VALUES (228, N'Vanuatu', N'VU', N'VUT', 548, 1, 0)
INSERT [dbo].[Country] ([Id], [Name], [TwoLetteroCode], [ThreeLetteroCode], [NumericCode], [Published], [DisplayOrder]) VALUES (229, N'Vatican City State (Holy See)', N'VA', N'VAT', 336, 1, 0)
INSERT [dbo].[Country] ([Id], [Name], [TwoLetteroCode], [ThreeLetteroCode], [NumericCode], [Published], [DisplayOrder]) VALUES (230, N'Viet Nam', N'VN', N'VNM', 704, 1, 0)
INSERT [dbo].[Country] ([Id], [Name], [TwoLetteroCode], [ThreeLetteroCode], [NumericCode], [Published], [DisplayOrder]) VALUES (231, N'Virgin Islands (British)', N'VG', N'VGB', 92, 1, 0)
INSERT [dbo].[Country] ([Id], [Name], [TwoLetteroCode], [ThreeLetteroCode], [NumericCode], [Published], [DisplayOrder]) VALUES (232, N'Virgin Islands (U.S.)', N'VI', N'VIR', 850, 1, 0)
INSERT [dbo].[Country] ([Id], [Name], [TwoLetteroCode], [ThreeLetteroCode], [NumericCode], [Published], [DisplayOrder]) VALUES (233, N'Wallis and Futuna Islands', N'WF', N'WLF', 876, 1, 0)
INSERT [dbo].[Country] ([Id], [Name], [TwoLetteroCode], [ThreeLetteroCode], [NumericCode], [Published], [DisplayOrder]) VALUES (234, N'Western Sahara', N'EH', N'ESH', 732, 1, 0)
INSERT [dbo].[Country] ([Id], [Name], [TwoLetteroCode], [ThreeLetteroCode], [NumericCode], [Published], [DisplayOrder]) VALUES (235, N'Yemen', N'YE', N'YEM', 887, 1, 0)
INSERT [dbo].[Country] ([Id], [Name], [TwoLetteroCode], [ThreeLetteroCode], [NumericCode], [Published], [DisplayOrder]) VALUES (236, N'Zambia', N'ZM', N'ZMB', 894, 1, 0)
INSERT [dbo].[Country] ([Id], [Name], [TwoLetteroCode], [ThreeLetteroCode], [NumericCode], [Published], [DisplayOrder]) VALUES (237, N'Zimbabwe', N'ZW', N'ZWE', 716, 1, 0)
SET IDENTITY_INSERT [dbo].[Country] OFF
SET IDENTITY_INSERT [dbo].[StateProvince] ON 

INSERT [dbo].[StateProvince] ([Id], [CountryId], [Name], [Code], [Published], [DisplayOrder]) VALUES (3, 80, N'Alabama', N'AL', 1, 0)
INSERT [dbo].[StateProvince] ([Id], [CountryId], [Name], [Code], [Published], [DisplayOrder]) VALUES (4, 80, N'Alaska', N'AK', 1, 0)
INSERT [dbo].[StateProvince] ([Id], [CountryId], [Name], [Code], [Published], [DisplayOrder]) VALUES (7, 80, N'Arizona', N'AZ', 1, 0)
INSERT [dbo].[StateProvince] ([Id], [CountryId], [Name], [Code], [Published], [DisplayOrder]) VALUES (8, 80, N'Arkansas', N'AR', 1, 0)
INSERT [dbo].[StateProvince] ([Id], [CountryId], [Name], [Code], [Published], [DisplayOrder]) VALUES (9, 80, N'California', N'CA', 1, 0)
INSERT [dbo].[StateProvince] ([Id], [CountryId], [Name], [Code], [Published], [DisplayOrder]) VALUES (10, 80, N'Colorado', N'CO', 1, 0)
INSERT [dbo].[StateProvince] ([Id], [CountryId], [Name], [Code], [Published], [DisplayOrder]) VALUES (11, 80, N'Connecticut', N'CT', 1, 0)
INSERT [dbo].[StateProvince] ([Id], [CountryId], [Name], [Code], [Published], [DisplayOrder]) VALUES (12, 80, N'Delaware', N'DE', 1, 0)
INSERT [dbo].[StateProvince] ([Id], [CountryId], [Name], [Code], [Published], [DisplayOrder]) VALUES (15, 80, N'Florida', N'FL', 1, 0)
INSERT [dbo].[StateProvince] ([Id], [CountryId], [Name], [Code], [Published], [DisplayOrder]) VALUES (16, 80, N'Georgia', N'GA', 1, 0)
INSERT [dbo].[StateProvince] ([Id], [CountryId], [Name], [Code], [Published], [DisplayOrder]) VALUES (18, 80, N'Hawaii', N'HI', 1, 0)
INSERT [dbo].[StateProvince] ([Id], [CountryId], [Name], [Code], [Published], [DisplayOrder]) VALUES (19, 80, N'Idaho', N'ID', 1, 0)
INSERT [dbo].[StateProvince] ([Id], [CountryId], [Name], [Code], [Published], [DisplayOrder]) VALUES (20, 80, N'Illinois', N'IL', 1, 0)
INSERT [dbo].[StateProvince] ([Id], [CountryId], [Name], [Code], [Published], [DisplayOrder]) VALUES (21, 80, N'Indiana', N'IN', 1, 0)
INSERT [dbo].[StateProvince] ([Id], [CountryId], [Name], [Code], [Published], [DisplayOrder]) VALUES (22, 80, N'Iowa', N'IA', 1, 0)
INSERT [dbo].[StateProvince] ([Id], [CountryId], [Name], [Code], [Published], [DisplayOrder]) VALUES (23, 80, N'Kansas', N'KS', 1, 0)
INSERT [dbo].[StateProvince] ([Id], [CountryId], [Name], [Code], [Published], [DisplayOrder]) VALUES (24, 80, N'Kentucky', N'KY', 1, 0)
INSERT [dbo].[StateProvince] ([Id], [CountryId], [Name], [Code], [Published], [DisplayOrder]) VALUES (25, 80, N'Louisiana', N'LA', 1, 0)
INSERT [dbo].[StateProvince] ([Id], [CountryId], [Name], [Code], [Published], [DisplayOrder]) VALUES (26, 80, N'Maine', N'ME', 1, 0)
INSERT [dbo].[StateProvince] ([Id], [CountryId], [Name], [Code], [Published], [DisplayOrder]) VALUES (28, 80, N'Maryland', N'MD', 1, 0)
INSERT [dbo].[StateProvince] ([Id], [CountryId], [Name], [Code], [Published], [DisplayOrder]) VALUES (29, 80, N'Massachusetts', N'MA', 1, 0)
INSERT [dbo].[StateProvince] ([Id], [CountryId], [Name], [Code], [Published], [DisplayOrder]) VALUES (30, 80, N'Michigan', N'MI', 1, 0)
INSERT [dbo].[StateProvince] ([Id], [CountryId], [Name], [Code], [Published], [DisplayOrder]) VALUES (31, 80, N'Minnesota', N'MN', 1, 0)
INSERT [dbo].[StateProvince] ([Id], [CountryId], [Name], [Code], [Published], [DisplayOrder]) VALUES (32, 80, N'Mississippi', N'MS', 1, 0)
INSERT [dbo].[StateProvince] ([Id], [CountryId], [Name], [Code], [Published], [DisplayOrder]) VALUES (33, 80, N'Missouri', N'MO', 1, 0)
INSERT [dbo].[StateProvince] ([Id], [CountryId], [Name], [Code], [Published], [DisplayOrder]) VALUES (34, 80, N'Montana', N'MT', 1, 0)
INSERT [dbo].[StateProvince] ([Id], [CountryId], [Name], [Code], [Published], [DisplayOrder]) VALUES (35, 80, N'Nebraska', N'NE', 1, 0)
INSERT [dbo].[StateProvince] ([Id], [CountryId], [Name], [Code], [Published], [DisplayOrder]) VALUES (36, 80, N'Nevada', N'NV', 1, 0)
INSERT [dbo].[StateProvince] ([Id], [CountryId], [Name], [Code], [Published], [DisplayOrder]) VALUES (37, 80, N'New Hampshire', N'NH', 1, 0)
INSERT [dbo].[StateProvince] ([Id], [CountryId], [Name], [Code], [Published], [DisplayOrder]) VALUES (38, 80, N'New Jersey', N'NJ', 1, 0)
INSERT [dbo].[StateProvince] ([Id], [CountryId], [Name], [Code], [Published], [DisplayOrder]) VALUES (39, 80, N'New Mexico', N'NM', 1, 0)
INSERT [dbo].[StateProvince] ([Id], [CountryId], [Name], [Code], [Published], [DisplayOrder]) VALUES (40, 80, N'New York', N'NY', 1, 0)
INSERT [dbo].[StateProvince] ([Id], [CountryId], [Name], [Code], [Published], [DisplayOrder]) VALUES (41, 80, N'North Carolina', N'NC', 1, 0)
INSERT [dbo].[StateProvince] ([Id], [CountryId], [Name], [Code], [Published], [DisplayOrder]) VALUES (42, 80, N'North Dakota', N'ND', 1, 0)
INSERT [dbo].[StateProvince] ([Id], [CountryId], [Name], [Code], [Published], [DisplayOrder]) VALUES (44, 80, N'Ohio', N'OH', 1, 0)
INSERT [dbo].[StateProvince] ([Id], [CountryId], [Name], [Code], [Published], [DisplayOrder]) VALUES (45, 80, N'Oklahoma', N'OK', 1, 0)
INSERT [dbo].[StateProvince] ([Id], [CountryId], [Name], [Code], [Published], [DisplayOrder]) VALUES (46, 80, N'Oregon', N'OR', 1, 0)
INSERT [dbo].[StateProvince] ([Id], [CountryId], [Name], [Code], [Published], [DisplayOrder]) VALUES (48, 80, N'Pennsylvania', N'PA', 1, 0)
INSERT [dbo].[StateProvince] ([Id], [CountryId], [Name], [Code], [Published], [DisplayOrder]) VALUES (50, 80, N'Rhode Island', N'RI', 1, 0)
INSERT [dbo].[StateProvince] ([Id], [CountryId], [Name], [Code], [Published], [DisplayOrder]) VALUES (51, 80, N'South Carolina', N'SC', 1, 0)
INSERT [dbo].[StateProvince] ([Id], [CountryId], [Name], [Code], [Published], [DisplayOrder]) VALUES (52, 80, N'South Dakota', N'SD', 1, 0)
INSERT [dbo].[StateProvince] ([Id], [CountryId], [Name], [Code], [Published], [DisplayOrder]) VALUES (53, 80, N'Tennessee', N'TN', 1, 0)
INSERT [dbo].[StateProvince] ([Id], [CountryId], [Name], [Code], [Published], [DisplayOrder]) VALUES (54, 80, N'Texas', N'TX', 1, 0)
INSERT [dbo].[StateProvince] ([Id], [CountryId], [Name], [Code], [Published], [DisplayOrder]) VALUES (55, 80, N'Utah', N'UT', 1, 0)
INSERT [dbo].[StateProvince] ([Id], [CountryId], [Name], [Code], [Published], [DisplayOrder]) VALUES (56, 80, N'Vermont', N'VT', 1, 0)
INSERT [dbo].[StateProvince] ([Id], [CountryId], [Name], [Code], [Published], [DisplayOrder]) VALUES (58, 80, N'Virginia', N'VA', 1, 0)
INSERT [dbo].[StateProvince] ([Id], [CountryId], [Name], [Code], [Published], [DisplayOrder]) VALUES (59, 80, N'Washington', N'WA', 1, 0)
INSERT [dbo].[StateProvince] ([Id], [CountryId], [Name], [Code], [Published], [DisplayOrder]) VALUES (60, 80, N'West Virginia', N'WV', 1, 0)
INSERT [dbo].[StateProvince] ([Id], [CountryId], [Name], [Code], [Published], [DisplayOrder]) VALUES (61, 80, N'Wisconsin', N'WI', 1, 0)
INSERT [dbo].[StateProvince] ([Id], [CountryId], [Name], [Code], [Published], [DisplayOrder]) VALUES (62, 80, N'Wyoming', N'WY', 1, 0)
INSERT [dbo].[StateProvince] ([Id], [CountryId], [Name], [Code], [Published], [DisplayOrder]) VALUES (63, 17, N'Alberta', N'AB', 1, 0)
INSERT [dbo].[StateProvince] ([Id], [CountryId], [Name], [Code], [Published], [DisplayOrder]) VALUES (64, 17, N'British Columbia', N'BC', 1, 0)
INSERT [dbo].[StateProvince] ([Id], [CountryId], [Name], [Code], [Published], [DisplayOrder]) VALUES (65, 17, N'Manitoba', N'MB', 1, 0)
INSERT [dbo].[StateProvince] ([Id], [CountryId], [Name], [Code], [Published], [DisplayOrder]) VALUES (66, 17, N'New Brunswick', N'NB', 1, 0)
INSERT [dbo].[StateProvince] ([Id], [CountryId], [Name], [Code], [Published], [DisplayOrder]) VALUES (67, 17, N'Newfoundland and Labrador', N'NL', 1, 0)
INSERT [dbo].[StateProvince] ([Id], [CountryId], [Name], [Code], [Published], [DisplayOrder]) VALUES (68, 17, N'Northwest Territories', N'NT', 1, 0)
INSERT [dbo].[StateProvince] ([Id], [CountryId], [Name], [Code], [Published], [DisplayOrder]) VALUES (69, 17, N'Nova Scotia', N'NS', 1, 0)
INSERT [dbo].[StateProvince] ([Id], [CountryId], [Name], [Code], [Published], [DisplayOrder]) VALUES (70, 17, N'Nunavut', N'NU', 1, 0)
INSERT [dbo].[StateProvince] ([Id], [CountryId], [Name], [Code], [Published], [DisplayOrder]) VALUES (71, 17, N'Ontario', N'ON', 1, 0)
INSERT [dbo].[StateProvince] ([Id], [CountryId], [Name], [Code], [Published], [DisplayOrder]) VALUES (72, 17, N'Prince Edward Island', N'PE', 1, 0)
INSERT [dbo].[StateProvince] ([Id], [CountryId], [Name], [Code], [Published], [DisplayOrder]) VALUES (73, 17, N'Quebec', N'QC', 1, 0)
INSERT [dbo].[StateProvince] ([Id], [CountryId], [Name], [Code], [Published], [DisplayOrder]) VALUES (74, 17, N'Saskatchewan', N'SK', 1, 0)
INSERT [dbo].[StateProvince] ([Id], [CountryId], [Name], [Code], [Published], [DisplayOrder]) VALUES (75, 17, N'Yukon Territory', N'YT', 1, 0)
SET IDENTITY_INSERT [dbo].[StateProvince] OFF
SET IDENTITY_INSERT [dbo].[Vertical] ON 

INSERT [dbo].[Vertical] ([Id], [Name]) VALUES (1, N'Finance')
SET IDENTITY_INSERT [dbo].[Vertical] OFF
INSERT [dbo].[UserRole] ([UserId], [RoleId]) VALUES (1, 1)
SET IDENTITY_INSERT [dbo].[SmtpAccount] ON 

INSERT [dbo].[SmtpAccount] ([Id], [Email], [DisplayName], [Host], [Port], [Username], [Password], [EnableSsl], [UseDefaultCredentials]) VALUES (1, N'no-reply@adrack.com', N'Adrack Administrator', N'smtp.office365.com', 587, N'no-reply@adrack.com', N'Maho0062', 1, 0)
SET IDENTITY_INSERT [dbo].[SmtpAccount] OFF
SET IDENTITY_INSERT [dbo].[EmailTemplate] ON 

INSERT [dbo].[EmailTemplate] ([Id], [SmtpAccountId], [AttachmentId], [Name], [Bcc], [Subject], [Body], [Active]) VALUES (1, 1, 0, N'User.WelcomeMessage', NULL, N'Welcome to %Application.Name%', N'We welcome you to <a href="%Application.Url%"> %Application.Name%</a>.<br /><br />Please email: <a href="mailto:%Application.Email%">%Application.Email%</a>.', 1)
INSERT [dbo].[EmailTemplate] ([Id], [SmtpAccountId], [AttachmentId], [Name], [Bcc], [Subject], [Body], [Active]) VALUES (2, 1, 0, N'User.RegisteredMessage', N'', N'Welcome to %Application.Name%', N'Hi %User.FullName%, <br><br> Thank you for registering. Please login <a rel="nofollow" target="_blank">Member Login</a><br><br>Regards,   <br><br> %Application.Name%', 1)
INSERT [dbo].[EmailTemplate] ([Id], [SmtpAccountId], [AttachmentId], [Name], [Bcc], [Subject], [Body], [Active]) VALUES (3, 1, 0, N'User.EmailValidationMessage', N'', N'%Application.Name% Email validation', N'<a rel="nofollow" target="_blank">%Application.Name%</a>  <br>  <br>  To activate your account <a rel="nofollow" target="_blank">click &lt;a href="%User.ActivationUrl%"&gt;here&lt;/a&gt;</a>.     <br>  <br>  %Application.Name%', 1)
INSERT [dbo].[EmailTemplate] ([Id], [SmtpAccountId], [AttachmentId], [Name], [Bcc], [Subject], [Body], [Active]) VALUES (4, 1, 0, N'User.ForgotPasswordMessage', NULL, N'%Application.Name% Password recovery', N'<a href="%Application.Url%">%Application.Name%</a>  <br />  <br />  To change your password <a href="%User.ForgotPasswordUrl%">click here</a>.     <br />  <br />  %Application.Name%', 1)
INSERT [dbo].[EmailTemplate] ([Id], [SmtpAccountId], [AttachmentId], [Name], [Bcc], [Subject], [Body], [Active]) VALUES (5, 1, 0, N'EmailSubscription.ActivationMessage', NULL, N'%Application.Name%. Subscription activation message.', N'<p><a href="%EmailSubscription.ActivationUrl%">Click here to confirm your subscription to our list.</a></p><p>If you received this email by mistake, simply delete it.</p>', 1)
INSERT [dbo].[EmailTemplate] ([Id], [SmtpAccountId], [AttachmentId], [Name], [Bcc], [Subject], [Body], [Active]) VALUES (6, 1, 0, N'EmailSubscription.DeactivationMessage', NULL, N'%Application.Name%. Subscription deactivation message.', N'<p><a href="%EmailSubscription.DeactivationUrl%">Click here to unsubscribe from our newsletter.</a></p><p>If you received this email by mistake, simply delete it.</p>', 1)
INSERT [dbo].[EmailTemplate] ([Id], [SmtpAccountId], [AttachmentId], [Name], [Bcc], [Subject], [Body], [Active]) VALUES (7, 1, 0, N'Support.NewTicketMessage', NULL, N'You have New Message from Support Ticket from %Application.Name%', N'Hi %User.FullName%, <br /><br />You have New Support Ticket<br><a href="%Application.Url%/login">View Ticket</a><br /><br /><br /><br /> Regards,   <br /><br /> %Application.Name%', 1)
INSERT [dbo].[EmailTemplate] ([Id], [SmtpAccountId], [AttachmentId], [Name], [Bcc], [Subject], [Body], [Active]) VALUES (8, 1, 0, N'Support.NewTicket', NULL, N'You have New Support Ticket from %Application.Name%', N'Hi %User.FullName%, <br><br><b>You have New Support Ticket</b><br><a target="_blank" rel="nofollow"><b>View Ticket</b></a><br><br>&nbsp;%User.FullName%&nbsp;<br>&nbsp;%Application.Name%&nbsp;<br> Regards,   <br><br> %Application.Name%', 1)
INSERT [dbo].[EmailTemplate] ([Id], [SmtpAccountId], [AttachmentId], [Name], [Bcc], [Subject], [Body], [Active]) VALUES (9, 1, 0, N'User.WelcomeMessageWithValidationCode', N'', N'Welcome to %Application.Name%', N'<a rel="nofollow" target="_blank">%Application.Name%</a>  <br><br>To complete the registration please&nbsp;<a rel="nofollow" target="_blank">copy and paste the code bellow in the registration form</a>.&nbsp;<br><br>Activation code: %User.ActivationCode%', 1)
INSERT [dbo].[EmailTemplate] ([Id], [SmtpAccountId], [AttachmentId], [Name], [Bcc], [Subject], [Body], [Active]) VALUES (10, 1, 0, N'User.ManagerApprovalMessage', N'', N'Account activation notification in %Application.Name%', N'<a rel="nofollow" target="_blank">%Application.Name%</a>  <br><br>Your account has been activated.<br><br>Please use this link to login %User.LoginUrl%<br>', 1)
INSERT [dbo].[EmailTemplate] ([Id], [SmtpAccountId], [AttachmentId], [Name], [Bcc], [Subject], [Body], [Active]) VALUES (11, 1, 0, N'User.ManagerRejectMessage', N'', N'Account suspension notification in %Application.Name%', N'<a rel="nofollow" target="_blank">%Application.Name%</a>  <br><br>Your account has been suspended.', 1)
INSERT [dbo].[EmailTemplate] ([Id], [SmtpAccountId], [AttachmentId], [Name], [Bcc], [Subject], [Body], [Active]) VALUES (12, 1, 0, N'User.WelcomeMessageWithUsernamePassword', N'', N'Welcome to %Application.Name%', N'We welcome you to <a rel="nofollow" target="_blank"> %Application.Name%</a>.<br><br>Username: %User.Email%<br>Password: %User.Password%<br><br>Click <a href="%User.ActivationUrl%">here</a> to activate you account.<br><br>', 1)
INSERT [dbo].[EmailTemplate] ([Id], [SmtpAccountId], [AttachmentId], [Name], [Bcc], [Subject], [Body], [Active]) VALUES (13, 1, 0, N'User.PasswordChangeMessage', NULL, N'Password changed', N'Password changes', 1)
INSERT [dbo].[EmailTemplate] ([Id], [SmtpAccountId], [AttachmentId], [Name], [Bcc], [Subject], [Body], [Active]) VALUES (15, 1, 0, N'User.CapReachNotification', NULL, N'CapReachNotification', N'CapReachNotification', 1)
INSERT [dbo].[EmailTemplate] ([Id], [SmtpAccountId], [AttachmentId], [Name], [Bcc], [Subject], [Body], [Active]) VALUES (16, 1, 0, N'User.TimeoutNotification', N'', N'User.TimeoutNotification', N'User.TimeoutNotification 333<br>', 1)
SET IDENTITY_INSERT [dbo].[EmailTemplate] OFF
SET IDENTITY_INSERT [dbo].[AddressType] ON 

INSERT [dbo].[AddressType] ([Id], [Name], [Published], [Deleted], [DisplayOrder]) VALUES (1, N'Contact', 1, 0, 0)
INSERT [dbo].[AddressType] ([Id], [Name], [Published], [Deleted], [DisplayOrder]) VALUES (2, N'Affiliate', 1, 0, 0)
INSERT [dbo].[AddressType] ([Id], [Name], [Published], [Deleted], [DisplayOrder]) VALUES (3, N'Buyer', 1, 0, 0)
SET IDENTITY_INSERT [dbo].[AddressType] OFF
SET IDENTITY_INSERT [dbo].[SupportTickets] ON 

INSERT [dbo].[SupportTickets] ([Id], [UserID], [ManagerID], [Subject], [Message], [Status], [Priority], [DateTime]) VALUES (1, 1, 1, N'Test Ticket 1', N'Test', 1, 2, CAST(N'2019-03-26T14:55:02.883' AS DateTime))
SET IDENTITY_INSERT [dbo].[SupportTickets] OFF


SET IDENTITY_INSERT [dbo].[Language] ON 

INSERT [dbo].[Language] ([Id], [Name], [Culture], [CultureId], [Published], [Rtl], [DisplayOrder], [Description]) VALUES (1, N'English - United States', N'en-US', 1033, 1, 0, 1, NULL)
SET IDENTITY_INSERT [dbo].[Language] OFF
SET IDENTITY_INSERT [dbo].[LocalizedString] ON 

INSERT [dbo].[LocalizedString] ([Id], [LanguageId], [Key], [Value]) VALUES (1, 1, N'Common.WrongCaptcha', N'The characters didn''t match the picture. Please try again')
INSERT [dbo].[LocalizedString] ([Id], [LanguageId], [Key], [Value]) VALUES (2, 1, N'Common.WrongEmail', N'Wrong email')
INSERT [dbo].[LocalizedString] ([Id], [LanguageId], [Key], [Value]) VALUES (3, 1, N'Common.Wait', N'Wait...')
INSERT [dbo].[LocalizedString] ([Id], [LanguageId], [Key], [Value]) VALUES (4, 1, N'Search.Button', N'Search')
INSERT [dbo].[LocalizedString] ([Id], [LanguageId], [Key], [Value]) VALUES (5, 1, N'Search.Tooltip', N'Search our library')
INSERT [dbo].[LocalizedString] ([Id], [LanguageId], [Key], [Value]) VALUES (6, 1, N'Search.EnterSearchTerms', N'Please enter some search keyword')
INSERT [dbo].[LocalizedString] ([Id], [LanguageId], [Key], [Value]) VALUES (7, 1, N'Search.NoResultsText', N'No results were found that matched your criteria.')
INSERT [dbo].[LocalizedString] ([Id], [LanguageId], [Key], [Value]) VALUES (8, 1, N'Navigation.Web', N'Web')
INSERT [dbo].[LocalizedString] ([Id], [LanguageId], [Key], [Value]) VALUES (9, 1, N'Navigation.ContentManagement', N'Navigation')
INSERT [dbo].[LocalizedString] ([Id], [LanguageId], [Key], [Value]) VALUES (10, 1, N'Navigation.ContentManagement.Accounting', N'Accounting')
INSERT [dbo].[LocalizedString] ([Id], [LanguageId], [Key], [Value]) VALUES (11, 1, N'Navigation.ContentManagement.AffiliatePayments', N'Affiliates Payments')
INSERT [dbo].[LocalizedString] ([Id], [LanguageId], [Key], [Value]) VALUES (12, 1, N'Navigation.ContentManagement.AffiliatePaymentNotice', N'Affiliate Payment Notice')
INSERT [dbo].[LocalizedString] ([Id], [LanguageId], [Key], [Value]) VALUES (13, 1, N'Navigation.ContentManagement.Support', N'Support')
INSERT [dbo].[LocalizedString] ([Id], [LanguageId], [Key], [Value]) VALUES (14, 1, N'Navigation.ContentManagement.Affiliate.List', N'Affiliates')
INSERT [dbo].[LocalizedString] ([Id], [LanguageId], [Key], [Value]) VALUES (15, 1, N'Navigation.ContentManagement.Affiliate', N'Affiliate')
INSERT [dbo].[LocalizedString] ([Id], [LanguageId], [Key], [Value]) VALUES (16, 1, N'Navigation.ContentManagement.Affiliate.Item', N'New affiliate')
INSERT [dbo].[LocalizedString] ([Id], [LanguageId], [Key], [Value]) VALUES (17, 1, N'Navigation.ContentManagement.Buyer.List', N'Buyers')
INSERT [dbo].[LocalizedString] ([Id], [LanguageId], [Key], [Value]) VALUES (18, 1, N'Navigation.ContentManagement.Buyer', N'Buyers')
INSERT [dbo].[LocalizedString] ([Id], [LanguageId], [Key], [Value]) VALUES (19, 1, N'Navigation.ContentManagement.Buyer.NewBuyer', N'New buyer')
INSERT [dbo].[LocalizedString] ([Id], [LanguageId], [Key], [Value]) VALUES (20, 1, N'Navigation.ContentManagement.Membership.SuperUser', N'Super user')
INSERT [dbo].[LocalizedString] ([Id], [LanguageId], [Key], [Value]) VALUES (21, 1, N'Navigation.ContentManagement.Department.List', N'Departments')
INSERT [dbo].[LocalizedString] ([Id], [LanguageId], [Key], [Value]) VALUES (22, 1, N'Navigation.ContentManagement.Role.List', N'Roles')
INSERT [dbo].[LocalizedString] ([Id], [LanguageId], [Key], [Value]) VALUES (23, 1, N'Navigation.ContentManagement.Membership.SystemUser.List', N'Network users')
INSERT [dbo].[LocalizedString] ([Id], [LanguageId], [Key], [Value]) VALUES (24, 1, N'Navigation.ContentManagement.Membership.AffiliateUser.List', N'Affiliate users')
INSERT [dbo].[LocalizedString] ([Id], [LanguageId], [Key], [Value]) VALUES (25, 1, N'Navigation.ContentManagement.Membership.BuyerUser.List', N'Buyer users')
INSERT [dbo].[LocalizedString] ([Id], [LanguageId], [Key], [Value]) VALUES (26, 1, N'Navigation.ContentManagement.Campaign.List', N'Campaigns')
INSERT [dbo].[LocalizedString] ([Id], [LanguageId], [Key], [Value]) VALUES (27, 1, N'Navigation.ContentManagement.Settings', N'Settings')
INSERT [dbo].[LocalizedString] ([Id], [LanguageId], [Key], [Value]) VALUES (28, 1, N'Navigation.ContentManagement.SettingsCompany', N'General Settings')
INSERT [dbo].[LocalizedString] ([Id], [LanguageId], [Key], [Value]) VALUES (29, 1, N'Navigation.ContentManagement.SettingsEmailTemplate', N'E-Mail Templates')
INSERT [dbo].[LocalizedString] ([Id], [LanguageId], [Key], [Value]) VALUES (30, 1, N'Navigation.ContentManagement.SettingsEmailSMTP', N'SMTP')
INSERT [dbo].[LocalizedString] ([Id], [LanguageId], [Key], [Value]) VALUES (31, 1, N'Navigation.ContentManagement.ClearCache', N'Clear Cache')
INSERT [dbo].[LocalizedString] ([Id], [LanguageId], [Key], [Value]) VALUES (32, 1, N'Navigation.ContentManagement.Vertical.List', N'Verticals')
INSERT [dbo].[LocalizedString] ([Id], [LanguageId], [Key], [Value]) VALUES (33, 1, N'Navigation.ContentManagement.BuyerPayments', N'Buyers Payments')
INSERT [dbo].[LocalizedString] ([Id], [LanguageId], [Key], [Value]) VALUES (34, 1, N'Navigation.ContentManagement.AffiliateChannel.List', N'Affiliate channels')
INSERT [dbo].[LocalizedString] ([Id], [LanguageId], [Key], [Value]) VALUES (35, 1, N'Navigation.ContentManagement.BuyerChannel.List', N'Buyer channels')
INSERT [dbo].[LocalizedString] ([Id], [LanguageId], [Key], [Value]) VALUES (36, 1, N'Navigation.ContentManagement.UserManagement', N'User Management')
INSERT [dbo].[LocalizedString] ([Id], [LanguageId], [Key], [Value]) VALUES (37, 1, N'Navigation.ContentManagement.Leads', N'Leads')
INSERT [dbo].[LocalizedString] ([Id], [LanguageId], [Key], [Value]) VALUES (38, 1, N'Navigation.ContentManagement.Logs', N'Logs')
INSERT [dbo].[LocalizedString] ([Id], [LanguageId], [Key], [Value]) VALUES (39, 1, N'Navigation.ContentManagement.Campaign.TemplateList', N'Campaign templates')
INSERT [dbo].[LocalizedString] ([Id], [LanguageId], [Key], [Value]) VALUES (40, 1, N'Navigation.ContentManagement.RefundedLeads', N'Refunded Leads')
INSERT [dbo].[LocalizedString] ([Id], [LanguageId], [Key], [Value]) VALUES (41, 1, N'Navigation.ContentManagement.BuyerInvoices', N'Buyer Invoices')
INSERT [dbo].[LocalizedString] ([Id], [LanguageId], [Key], [Value]) VALUES (42, 1, N'Navigation.ContentManagement.GenerateCustomInvoices', N'Generate Custom Invoices')
INSERT [dbo].[LocalizedString] ([Id], [LanguageId], [Key], [Value]) VALUES (43, 1, N'Navigation.ContentManagement.BalanceReport', N'Buyer Balance Report')
INSERT [dbo].[LocalizedString] ([Id], [LanguageId], [Key], [Value]) VALUES (44, 1, N'Navigation.ContentManagement.TimeZone', N'Time zone')
INSERT [dbo].[LocalizedString] ([Id], [LanguageId], [Key], [Value]) VALUES (45, 1, N'Navigation.ContentManagement.ReportBuyers', N'Buyer reports')
INSERT [dbo].[LocalizedString] ([Id], [LanguageId], [Key], [Value]) VALUES (46, 1, N'Navigation.ContentManagement.Filter.List', N'Filters')
INSERT [dbo].[LocalizedString] ([Id], [LanguageId], [Key], [Value]) VALUES (47, 1, N'Navigation.ContentManagement.ReportAffiliates', N'Affiliate reports')
INSERT [dbo].[LocalizedString] ([Id], [LanguageId], [Key], [Value]) VALUES (48, 1, N'Navigation.ContentManagement.BlackList.List', N'Black lists')
INSERT [dbo].[LocalizedString] ([Id], [LanguageId], [Key], [Value]) VALUES (49, 1, N'Navigation.ContentManagement.Settings.History', N'History')
INSERT [dbo].[LocalizedString] ([Id], [LanguageId], [Key], [Value]) VALUES (50, 1, N'Navigation.ContentManagement.Reports', N'Reports')
INSERT [dbo].[LocalizedString] ([Id], [LanguageId], [Key], [Value]) VALUES (51, 1, N'Navigation.ContentManagement.SupportViewTickets', N'Open/View Tickets')
INSERT [dbo].[LocalizedString] ([Id], [LanguageId], [Key], [Value]) VALUES (52, 1, N'Navigation.ContentManagement.SupportBrowseArticles', N'Browse articles')
INSERT [dbo].[LocalizedString] ([Id], [LanguageId], [Key], [Value]) VALUES (54, 1, N'Navigation.ContentManagement.AllAffiliate', N'Affiliates List')
INSERT [dbo].[LocalizedString] ([Id], [LanguageId], [Key], [Value]) VALUES (56, 1, N'PageTitle.PageUnauthorized', N'Page Unauthorized')
INSERT [dbo].[LocalizedString] ([Id], [LanguageId], [Key], [Value]) VALUES (57, 1, N'PageTitle.PageForbidden', N'Page Forbidden')
INSERT [dbo].[LocalizedString] ([Id], [LanguageId], [Key], [Value]) VALUES (58, 1, N'PageTitle.PageNotFound', N'Page Not Found')
INSERT [dbo].[LocalizedString] ([Id], [LanguageId], [Key], [Value]) VALUES (59, 1, N'PageTitle.PageInternalServerError', N'Page Internal Server Error')
INSERT [dbo].[LocalizedString] ([Id], [LanguageId], [Key], [Value]) VALUES (60, 1, N'PageTitle.PageError', N'Page Error')
INSERT [dbo].[LocalizedString] ([Id], [LanguageId], [Key], [Value]) VALUES (61, 1, N'PageTitle.SiteMaintenance', N'Site Maintenance')
INSERT [dbo].[LocalizedString] ([Id], [LanguageId], [Key], [Value]) VALUES (62, 1, N'PageTitle.Login', N'Login')
INSERT [dbo].[LocalizedString] ([Id], [LanguageId], [Key], [Value]) VALUES (63, 1, N'PageTitle.Register', N'Register')
INSERT [dbo].[LocalizedString] ([Id], [LanguageId], [Key], [Value]) VALUES (64, 1, N'PageTitle.ForgotPassword', N'Forgot Password')
INSERT [dbo].[LocalizedString] ([Id], [LanguageId], [Key], [Value]) VALUES (65, 1, N'PageTitle.ForgotPasswordConfirmation', N'Forgot Password Confirmation')
INSERT [dbo].[LocalizedString] ([Id], [LanguageId], [Key], [Value]) VALUES (66, 1, N'Membership.Field.Username', N'Username')
INSERT [dbo].[LocalizedString] ([Id], [LanguageId], [Key], [Value]) VALUES (67, 1, N'Membership.Field.Username.Required', N'Username is required')
INSERT [dbo].[LocalizedString] ([Id], [LanguageId], [Key], [Value]) VALUES (68, 1, N'Membership.Field.Email', N'Email')
INSERT [dbo].[LocalizedString] ([Id], [LanguageId], [Key], [Value]) VALUES (69, 1, N'Membership.Field.Email.Required', N'Email is required')
INSERT [dbo].[LocalizedString] ([Id], [LanguageId], [Key], [Value]) VALUES (70, 1, N'Membership.Field.Password', N'Password')
INSERT [dbo].[LocalizedString] ([Id], [LanguageId], [Key], [Value]) VALUES (71, 1, N'Membership.Field.Password.Required', N'Password is required')
INSERT [dbo].[LocalizedString] ([Id], [LanguageId], [Key], [Value]) VALUES (72, 1, N'Membership.Field.Password.LengthValidation', N'The password should have at least {0} characters')
INSERT [dbo].[LocalizedString] ([Id], [LanguageId], [Key], [Value]) VALUES (73, 1, N'Membership.Field.Password.DoNotMatch', N'The password and confirmation password do not match')
INSERT [dbo].[LocalizedString] ([Id], [LanguageId], [Key], [Value]) VALUES (74, 1, N'Membership.Field.ConfirmPassword', N'Confirm password')
INSERT [dbo].[LocalizedString] ([Id], [LanguageId], [Key], [Value]) VALUES (75, 1, N'Membership.Field.ConfirmPassword.Required', N'Password is required')
INSERT [dbo].[LocalizedString] ([Id], [LanguageId], [Key], [Value]) VALUES (76, 1, N'Membership.Field.RememberMe', N'Remember me?')
INSERT [dbo].[LocalizedString] ([Id], [LanguageId], [Key], [Value]) VALUES (77, 1, N'Membership.Field.EmailSubscription', N'Email subscription')
INSERT [dbo].[LocalizedString] ([Id], [LanguageId], [Key], [Value]) VALUES (78, 1, N'Membership.Field.ChangePassword.OldPassword.Required', N'Old password is required')
INSERT [dbo].[LocalizedString] ([Id], [LanguageId], [Key], [Value]) VALUES (79, 1, N'Membership.Field.ChangePassword.OldPassword', N'Old password')
INSERT [dbo].[LocalizedString] ([Id], [LanguageId], [Key], [Value]) VALUES (80, 1, N'Membership.Field.ChangePassword.NewPassword.Required', N'New password is required')
INSERT [dbo].[LocalizedString] ([Id], [LanguageId], [Key], [Value]) VALUES (81, 1, N'Membership.Field.ChangePassword.NewPassword', N'New password')
INSERT [dbo].[LocalizedString] ([Id], [LanguageId], [Key], [Value]) VALUES (82, 1, N'Membership.Field.ChangePassword.NewPassword.EnteredPasswordsDoNotMatch', N'The new password and confirmation password do not match')
INSERT [dbo].[LocalizedString] ([Id], [LanguageId], [Key], [Value]) VALUES (83, 1, N'Membership.Field.ChangePassword.NewPassword.LengthValidation', N'The password should have at least {0} characters')
INSERT [dbo].[LocalizedString] ([Id], [LanguageId], [Key], [Value]) VALUES (84, 1, N'Membership.Field.ChangePassword.ConfirmNewPassword.Required', N'Password is required')
INSERT [dbo].[LocalizedString] ([Id], [LanguageId], [Key], [Value]) VALUES (85, 1, N'Membership.Field.ChangePassword.ConfirmNewPassword', N'Confirm password')
INSERT [dbo].[LocalizedString] ([Id], [LanguageId], [Key], [Value]) VALUES (86, 1, N'Membership.ChangePassword.Success', N'Password was changed')
INSERT [dbo].[LocalizedString] ([Id], [LanguageId], [Key], [Value]) VALUES (87, 1, N'Membership.CheckUsernameAvailability.Available', N'Username available')
INSERT [dbo].[LocalizedString] ([Id], [LanguageId], [Key], [Value]) VALUES (88, 1, N'Membership.CheckUsernameAvailability.Button', N'Check Availability')
INSERT [dbo].[LocalizedString] ([Id], [LanguageId], [Key], [Value]) VALUES (89, 1, N'Membership.CheckUsernameAvailability.CurrentUsername', N'Current username')
INSERT [dbo].[LocalizedString] ([Id], [LanguageId], [Key], [Value]) VALUES (90, 1, N'Membership.CheckUsernameAvailability.NotAvailable', N'Username not available')
INSERT [dbo].[LocalizedString] ([Id], [LanguageId], [Key], [Value]) VALUES (91, 1, N'Membership.MembershipActivation.Activated', N'Your account has been activated')
INSERT [dbo].[LocalizedString] ([Id], [LanguageId], [Key], [Value]) VALUES (92, 1, N'Membership.Register.Error.UsernameIsNotProvided', N'Username is required')
INSERT [dbo].[LocalizedString] ([Id], [LanguageId], [Key], [Value]) VALUES (93, 1, N'Membership.Register.Error.UsernameAlreadyExists', N'The specified username already exists')
INSERT [dbo].[LocalizedString] ([Id], [LanguageId], [Key], [Value]) VALUES (94, 1, N'Membership.Register.Error.EmailIsNotProvided', N'Email is required')
INSERT [dbo].[LocalizedString] ([Id], [LanguageId], [Key], [Value]) VALUES (95, 1, N'Membership.Register.Error.EmailAlreadyExists', N'The specified email already exists')
INSERT [dbo].[LocalizedString] ([Id], [LanguageId], [Key], [Value]) VALUES (96, 1, N'Membership.Register.Error.PasswordIsNotProvided', N'Password is not provided')
INSERT [dbo].[LocalizedString] ([Id], [LanguageId], [Key], [Value]) VALUES (97, 1, N'Membership.Field.ForgotPassword.NewPassword.Required', N'New password is required')
INSERT [dbo].[LocalizedString] ([Id], [LanguageId], [Key], [Value]) VALUES (98, 1, N'Membership.Field.ForgotPassword.NewPassword', N'New password')
INSERT [dbo].[LocalizedString] ([Id], [LanguageId], [Key], [Value]) VALUES (99, 1, N'Membership.Field.ForgotPassword.NewPassword.EnteredPasswordsDoNotMatch', N'The new password and confirmation password do not match')
GO
INSERT [dbo].[LocalizedString] ([Id], [LanguageId], [Key], [Value]) VALUES (100, 1, N'Membership.Field.ForgotPassword.NewPassword.LengthValidation', N'The password should have at least {0} characters')
INSERT [dbo].[LocalizedString] ([Id], [LanguageId], [Key], [Value]) VALUES (101, 1, N'Membership.Field.ForgotPassword.ConfirmNewPassword.Required', N'Confirm password is required')
INSERT [dbo].[LocalizedString] ([Id], [LanguageId], [Key], [Value]) VALUES (102, 1, N'Membership.Field.ForgotPassword.ConfirmNewPassword', N'Confirm password')
INSERT [dbo].[LocalizedString] ([Id], [LanguageId], [Key], [Value]) VALUES (103, 1, N'Membership.ForgotPassword', N'Password recovery')
INSERT [dbo].[LocalizedString] ([Id], [LanguageId], [Key], [Value]) VALUES (104, 1, N'Membership.ForgotPassword.Button', N'Reset password')
INSERT [dbo].[LocalizedString] ([Id], [LanguageId], [Key], [Value]) VALUES (105, 1, N'Membership.ForgotPassword.ChangePasswordButton', N'Change password')
INSERT [dbo].[LocalizedString] ([Id], [LanguageId], [Key], [Value]) VALUES (106, 1, N'Membership.ForgotPassword.Email', N'Your email address')
INSERT [dbo].[LocalizedString] ([Id], [LanguageId], [Key], [Value]) VALUES (107, 1, N'Membership.ForgotPassword.EmailSent', N'Email with instructions has been sent to you')
INSERT [dbo].[LocalizedString] ([Id], [LanguageId], [Key], [Value]) VALUES (108, 1, N'Membership.ForgotPassword.EmailNotFound', N'Email not found')
INSERT [dbo].[LocalizedString] ([Id], [LanguageId], [Key], [Value]) VALUES (109, 1, N'Membership.ForgotPassword.LinkExpired', N'Your forgot password link is expired')
INSERT [dbo].[LocalizedString] ([Id], [LanguageId], [Key], [Value]) VALUES (110, 1, N'Membership.ForgotPassword.WrongToken', N'Wrong forgot password token')
INSERT [dbo].[LocalizedString] ([Id], [LanguageId], [Key], [Value]) VALUES (111, 1, N'Membership.ForgotPassword.PasswordSuccessfullyChanged', N'Password successfully changed')
INSERT [dbo].[LocalizedString] ([Id], [LanguageId], [Key], [Value]) VALUES (112, 1, N'Membership.ChangePassword.Error.EmailIsNotProvided', N'Email is not entered')
INSERT [dbo].[LocalizedString] ([Id], [LanguageId], [Key], [Value]) VALUES (113, 1, N'Membership.ChangePassword.Error.EmailNotFound', N'The specified email could not be found')
INSERT [dbo].[LocalizedString] ([Id], [LanguageId], [Key], [Value]) VALUES (114, 1, N'Membership.ChangePassword.Error.OldPasswordDoesntMatch', N'Old password doesn''t match')
INSERT [dbo].[LocalizedString] ([Id], [LanguageId], [Key], [Value]) VALUES (115, 1, N'Membership.ChangePassword.Error.PasswordIsNotProvided', N'Password is not entered')
INSERT [dbo].[LocalizedString] ([Id], [LanguageId], [Key], [Value]) VALUES (116, 1, N'Membership.Username.Error.UsernameTooLong', N'Username is too long')
INSERT [dbo].[LocalizedString] ([Id], [LanguageId], [Key], [Value]) VALUES (117, 1, N'Membership.Username.Error.UsernameAlreadyExists', N'The username is already in use')
INSERT [dbo].[LocalizedString] ([Id], [LanguageId], [Key], [Value]) VALUES (118, 1, N'Membership.Email.Error.NewEmailIsNotValid', N'New email is not valid')
INSERT [dbo].[LocalizedString] ([Id], [LanguageId], [Key], [Value]) VALUES (119, 1, N'Membership.Email.Error.EmailTooLong', N'E-mail address is too long')
INSERT [dbo].[LocalizedString] ([Id], [LanguageId], [Key], [Value]) VALUES (120, 1, N'Membership.Email.Error.EmailAlreadyExists', N'The e-mail address is already in use')
INSERT [dbo].[LocalizedString] ([Id], [LanguageId], [Key], [Value]) VALUES (121, 1, N'Membership.Login', N'Login')
INSERT [dbo].[LocalizedString] ([Id], [LanguageId], [Key], [Value]) VALUES (122, 1, N'Membership.Login.Button', N'Log in')
INSERT [dbo].[LocalizedString] ([Id], [LanguageId], [Key], [Value]) VALUES (123, 1, N'Membership.Login.ForgotPassword', N'Forgot password?')
INSERT [dbo].[LocalizedString] ([Id], [LanguageId], [Key], [Value]) VALUES (124, 1, N'Membership.Login.Unsuccessful', N'Login was unsuccessful. Please correct the errors and try again')
INSERT [dbo].[LocalizedString] ([Id], [LanguageId], [Key], [Value]) VALUES (125, 1, N'Membership.Login.WrongCredentials.UserNotExist', N'No user account found')
INSERT [dbo].[LocalizedString] ([Id], [LanguageId], [Key], [Value]) VALUES (126, 1, N'Membership.Login.WrongCredentials.Deleted', N'User is deleted')
INSERT [dbo].[LocalizedString] ([Id], [LanguageId], [Key], [Value]) VALUES (127, 1, N'Membership.Login.WrongCredentials.NotActive', N'Account is not active')
INSERT [dbo].[LocalizedString] ([Id], [LanguageId], [Key], [Value]) VALUES (128, 1, N'Membership.Login.WrongCredentials.NotRegistered', N'Account is not registered')
INSERT [dbo].[LocalizedString] ([Id], [LanguageId], [Key], [Value]) VALUES (129, 1, N'Membership.Login.WrongCredentials.LockedOut', N'Account is Locked Out')
INSERT [dbo].[LocalizedString] ([Id], [LanguageId], [Key], [Value]) VALUES (130, 1, N'Membership.Login.WrongCredentials', N'The credentials provided are incorrect')
INSERT [dbo].[LocalizedString] ([Id], [LanguageId], [Key], [Value]) VALUES (131, 1, N'Membership.Logout', N'Log Out')
INSERT [dbo].[LocalizedString] ([Id], [LanguageId], [Key], [Value]) VALUES (132, 1, N'Membership.Setting', N'Settings')
INSERT [dbo].[LocalizedString] ([Id], [LanguageId], [Key], [Value]) VALUES (133, 1, N'Membership.Register', N'Sign up')
INSERT [dbo].[LocalizedString] ([Id], [LanguageId], [Key], [Value]) VALUES (134, 1, N'Membership.Register.Button', N'Create account')
INSERT [dbo].[LocalizedString] ([Id], [LanguageId], [Key], [Value]) VALUES (135, 1, N'Membership.Register.Result.Button', N'Continue')
INSERT [dbo].[LocalizedString] ([Id], [LanguageId], [Key], [Value]) VALUES (136, 1, N'Membership.Register.Result.Disabled', N'Registration not allowed')
INSERT [dbo].[LocalizedString] ([Id], [LanguageId], [Key], [Value]) VALUES (137, 1, N'Membership.Register.Result.EmailValidation', N'Your registration has been successfully completed. You have just been sent an email containing membership activation instructions')
INSERT [dbo].[LocalizedString] ([Id], [LanguageId], [Key], [Value]) VALUES (138, 1, N'Membership.Register.Result.AdministratorApproval', N'Your account will be activated after approving by administrator')
INSERT [dbo].[LocalizedString] ([Id], [LanguageId], [Key], [Value]) VALUES (139, 1, N'Membership.Register.Result.Standard', N'Your registration completed')
INSERT [dbo].[LocalizedString] ([Id], [LanguageId], [Key], [Value]) VALUES (140, 1, N'Membership.ForgotPassword', N'Password recovery')
INSERT [dbo].[LocalizedString] ([Id], [LanguageId], [Key], [Value]) VALUES (141, 1, N'Membership.ForgotPassword.Button', N'Reset password')
INSERT [dbo].[LocalizedString] ([Id], [LanguageId], [Key], [Value]) VALUES (142, 1, N'Membership.ForgotPassword.Email', N'Your email address')
INSERT [dbo].[LocalizedString] ([Id], [LanguageId], [Key], [Value]) VALUES (143, 1, N'Membership.ForgotPassword.EmailSent', N'Email with instructions has been sent to you.')
INSERT [dbo].[LocalizedString] ([Id], [LanguageId], [Key], [Value]) VALUES (144, 1, N'Membership.ForgotPassword.EmailNotFound', N'Email not found.')
INSERT [dbo].[LocalizedString] ([Id], [LanguageId], [Key], [Value]) VALUES (145, 1, N'Profile.Field.FirstName', N'First name')
INSERT [dbo].[LocalizedString] ([Id], [LanguageId], [Key], [Value]) VALUES (146, 1, N'Profile.Field.FirstName.Required', N'First name is required')
INSERT [dbo].[LocalizedString] ([Id], [LanguageId], [Key], [Value]) VALUES (147, 1, N'Profile.Field.MiddleName', N'Middle name')
INSERT [dbo].[LocalizedString] ([Id], [LanguageId], [Key], [Value]) VALUES (148, 1, N'Profile.Field.MiddleName.Required', N'Middle name is required')
INSERT [dbo].[LocalizedString] ([Id], [LanguageId], [Key], [Value]) VALUES (149, 1, N'Profile.Field.LastName', N'Last name')
INSERT [dbo].[LocalizedString] ([Id], [LanguageId], [Key], [Value]) VALUES (150, 1, N'Profile.Field.LastName.Required', N'Last name is required')
INSERT [dbo].[LocalizedString] ([Id], [LanguageId], [Key], [Value]) VALUES (151, 1, N'Profile.Field.AlternateName', N'Alternate name')
INSERT [dbo].[LocalizedString] ([Id], [LanguageId], [Key], [Value]) VALUES (152, 1, N'Profile.Field.AlternateName.Required', N'Alternate name is required')
INSERT [dbo].[LocalizedString] ([Id], [LanguageId], [Key], [Value]) VALUES (153, 1, N'Profile.Field.Gender', N'Gender')
INSERT [dbo].[LocalizedString] ([Id], [LanguageId], [Key], [Value]) VALUES (154, 1, N'Profile.Field.Gender.Required', N'Gender is required')
INSERT [dbo].[LocalizedString] ([Id], [LanguageId], [Key], [Value]) VALUES (155, 1, N'Profile.Field.Gender.Male', N'Male')
INSERT [dbo].[LocalizedString] ([Id], [LanguageId], [Key], [Value]) VALUES (156, 1, N'Profile.Field.Gender.Female', N'Female')
INSERT [dbo].[LocalizedString] ([Id], [LanguageId], [Key], [Value]) VALUES (157, 1, N'Profile.Field.DateOfBirth', N'Date of birth')
INSERT [dbo].[LocalizedString] ([Id], [LanguageId], [Key], [Value]) VALUES (158, 1, N'Profile.Field.DateOfBirth.Required', N'Date of birth is required')
INSERT [dbo].[LocalizedString] ([Id], [LanguageId], [Key], [Value]) VALUES (159, 1, N'Profile.Field.Summary', N'Summary')
INSERT [dbo].[LocalizedString] ([Id], [LanguageId], [Key], [Value]) VALUES (160, 1, N'Profile.Field.Summary.Required', N'Summary is required')
INSERT [dbo].[LocalizedString] ([Id], [LanguageId], [Key], [Value]) VALUES (161, 1, N'Profile.MyProfile', N'My Profile')
INSERT [dbo].[LocalizedString] ([Id], [LanguageId], [Key], [Value]) VALUES (162, 1, N'Address.Field.FirstName', N'First name')
INSERT [dbo].[LocalizedString] ([Id], [LanguageId], [Key], [Value]) VALUES (163, 1, N'Address.Field.FirstName.Required', N'First name is required')
INSERT [dbo].[LocalizedString] ([Id], [LanguageId], [Key], [Value]) VALUES (164, 1, N'Address.Field.LastName', N'Last name')
INSERT [dbo].[LocalizedString] ([Id], [LanguageId], [Key], [Value]) VALUES (165, 1, N'Address.Field.LastName.Required', N'Last name is required')
INSERT [dbo].[LocalizedString] ([Id], [LanguageId], [Key], [Value]) VALUES (166, 1, N'Address.Field.AddressLine1', N'Address line 1')
INSERT [dbo].[LocalizedString] ([Id], [LanguageId], [Key], [Value]) VALUES (167, 1, N'Address.Field.AddressLine1.Required', N'Address line 1 is required')
INSERT [dbo].[LocalizedString] ([Id], [LanguageId], [Key], [Value]) VALUES (168, 1, N'Address.Field.AddressLine2', N'Address line 2')
INSERT [dbo].[LocalizedString] ([Id], [LanguageId], [Key], [Value]) VALUES (169, 1, N'Address.Field.AddressLine2.Required', N'Address line 2 is required')
INSERT [dbo].[LocalizedString] ([Id], [LanguageId], [Key], [Value]) VALUES (170, 1, N'Address.Field.Country', N'Country')
INSERT [dbo].[LocalizedString] ([Id], [LanguageId], [Key], [Value]) VALUES (171, 1, N'Address.Field.Country.Required', N'Country is required')
INSERT [dbo].[LocalizedString] ([Id], [LanguageId], [Key], [Value]) VALUES (172, 1, N'Address.Field.City', N'City')
INSERT [dbo].[LocalizedString] ([Id], [LanguageId], [Key], [Value]) VALUES (173, 1, N'Address.Field.City.Required', N'City is required')
INSERT [dbo].[LocalizedString] ([Id], [LanguageId], [Key], [Value]) VALUES (174, 1, N'Address.Field.StateProvince', N'State/Province')
INSERT [dbo].[LocalizedString] ([Id], [LanguageId], [Key], [Value]) VALUES (175, 1, N'Address.Field.StateProvince.Required', N'State/Province is required')
INSERT [dbo].[LocalizedString] ([Id], [LanguageId], [Key], [Value]) VALUES (176, 1, N'Address.Field.ZipPostalCode', N'Zip Postal Code')
INSERT [dbo].[LocalizedString] ([Id], [LanguageId], [Key], [Value]) VALUES (177, 1, N'Address.Field.ZipPostalCode.Required', N'Zip postal code is required')
INSERT [dbo].[LocalizedString] ([Id], [LanguageId], [Key], [Value]) VALUES (178, 1, N'Address.Field.Telephone', N'Telephone')
INSERT [dbo].[LocalizedString] ([Id], [LanguageId], [Key], [Value]) VALUES (179, 1, N'Address.Field.Telephone.Required', N'Telephone is required')
INSERT [dbo].[LocalizedString] ([Id], [LanguageId], [Key], [Value]) VALUES (180, 1, N'Address.SelectCountry', N'Select country')
INSERT [dbo].[LocalizedString] ([Id], [LanguageId], [Key], [Value]) VALUES (181, 1, N'Address.SelectStateProvince', N'Select state / province')
INSERT [dbo].[LocalizedString] ([Id], [LanguageId], [Key], [Value]) VALUES (182, 1, N'Address.Other', N'Other')
INSERT [dbo].[LocalizedString] ([Id], [LanguageId], [Key], [Value]) VALUES (183, 1, N'Navigation.ContentManagement.Home', N'Home')
INSERT [dbo].[LocalizedString] ([Id], [LanguageId], [Key], [Value]) VALUES (184, 1, N'Navigation.ContentManagement.Dashboard', N'Dashboard')
INSERT [dbo].[LocalizedString] ([Id], [LanguageId], [Key], [Value]) VALUES (185, 1, N'Common.All', N'All')
INSERT [dbo].[LocalizedString] ([Id], [LanguageId], [Key], [Value]) VALUES (186, 1, N'Navigation.ContentManagement.Membership.User', N'User')
INSERT [dbo].[LocalizedString] ([Id], [LanguageId], [Key], [Value]) VALUES (187, 1, N'Navigation.ContentManagement.Membership.BadIPClicksReport', N'Bad IP Clicks Report')
INSERT [dbo].[LocalizedString] ([Id], [LanguageId], [Key], [Value]) VALUES (188, 1, N'Navigation.ContentManagement.Membership.ErrorLeadsReportBuyer', N'Error Leads Report Buyer')
INSERT [dbo].[LocalizedString] ([Id], [LanguageId], [Key], [Value]) VALUES (189, 1, N'Navigation.ContentManagement.ZipCodeRedirect.List', N'Zip code redirects')
INSERT [dbo].[LocalizedString] ([Id], [LanguageId], [Key], [Value]) VALUES (190, 1, N'BuyerChannel.Field.AcceptedField', N'Field for sold')
INSERT [dbo].[LocalizedString] ([Id], [LanguageId], [Key], [Value]) VALUES (193, 1, N'BuyerChannel.Field.AcceptedValue', N'Value for sold')
INSERT [dbo].[LocalizedString] ([Id], [LanguageId], [Key], [Value]) VALUES (194, 1, N'BuyerChannel.Field.AcceptedFromField', N'Take sold value from')
INSERT [dbo].[LocalizedString] ([Id], [LanguageId], [Key], [Value]) VALUES (195, 1, N'BuyerChannel.Field.ErrorField', N'Field for error')
INSERT [dbo].[LocalizedString] ([Id], [LanguageId], [Key], [Value]) VALUES (196, 1, N'BuyerChannel.Field.ErrorValue', N'Value for error')
INSERT [dbo].[LocalizedString] ([Id], [LanguageId], [Key], [Value]) VALUES (197, 1, N'BuyerChannel.Field.ErrorFromField', N'Take error value from')
INSERT [dbo].[LocalizedString] ([Id], [LanguageId], [Key], [Value]) VALUES (199, 1, N'BuyerChannel.Field.RejectedField', N'Field for reject')
INSERT [dbo].[LocalizedString] ([Id], [LanguageId], [Key], [Value]) VALUES (200, 1, N'BuyerChannel.Field.RejectedValue', N'Value for reject')
INSERT [dbo].[LocalizedString] ([Id], [LanguageId], [Key], [Value]) VALUES (201, 1, N'BuyerChannel.Field.RejectedFromField', N'Take reject value from')
INSERT [dbo].[LocalizedString] ([Id], [LanguageId], [Key], [Value]) VALUES (202, 1, N'BuyerChannel.Field.TestField', N'Field for test')
GO
INSERT [dbo].[LocalizedString] ([Id], [LanguageId], [Key], [Value]) VALUES (203, 1, N'BuyerChannel.Field.TestValue', N'Value for test')
INSERT [dbo].[LocalizedString] ([Id], [LanguageId], [Key], [Value]) VALUES (204, 1, N'BuyerChannel.Field.TestFromField', N'Take test value from')
INSERT [dbo].[LocalizedString] ([Id], [LanguageId], [Key], [Value]) VALUES (205, 1, N'BuyerChannel.Field.RedirectField', N'Field for redirect')
INSERT [dbo].[LocalizedString] ([Id], [LanguageId], [Key], [Value]) VALUES (206, 1, N'BuyerChannel.Field.MessageField', N'Field for message')
INSERT [dbo].[LocalizedString] ([Id], [LanguageId], [Key], [Value]) VALUES (207, 1, N'BuyerChannel.Field.PriceField', N'Field for price')
INSERT [dbo].[LocalizedString] ([Id], [LanguageId], [Key], [Value]) VALUES (208, 1, N'BuyerChannel.Field.PostingUrl', N'Url to post')
INSERT [dbo].[LocalizedString] ([Id], [LanguageId], [Key], [Value]) VALUES (210, 1, N'BuyerChannel.Field.DeliveryMethod', N'Delivery method')
INSERT [dbo].[LocalizedString] ([Id], [LanguageId], [Key], [Value]) VALUES (211, 1, N'BuyerChannel.Field.Timeout', N'Timeout')
INSERT [dbo].[LocalizedString] ([Id], [LanguageId], [Key], [Value]) VALUES (212, 1, N'BuyerChannel.Field.AfterTimeout', N'After timeout')
INSERT [dbo].[LocalizedString] ([Id], [LanguageId], [Key], [Value]) VALUES (213, 1, N'BuyerChannel.Field.NotificationEmail', N'Email for notifications')
INSERT [dbo].[LocalizedString] ([Id], [LanguageId], [Key], [Value]) VALUES (214, 1, N'BuyerChannel.Field.CapReachedNotification', N'Allow cap reached notification')
INSERT [dbo].[LocalizedString] ([Id], [LanguageId], [Key], [Value]) VALUES (215, 1, N'BuyerChannel.Field.TimeoutNotification', N'Allow timeout notification')
INSERT [dbo].[LocalizedString] ([Id], [LanguageId], [Key], [Value]) VALUES (216, 1, N'BuyerChannel.Field.UsePriceFromResponse', N'Take price from response')
INSERT [dbo].[LocalizedString] ([Id], [LanguageId], [Key], [Value]) VALUES (217, 1, N'BuyerChannel.Field.AlwaysSold', N'Always treat as sold')
INSERT [dbo].[LocalizedString] ([Id], [LanguageId], [Key], [Value]) VALUES (218, 1, N'BuyerChannel.Field.AffiliatePrice', N'Affiliate price')
INSERT [dbo].[LocalizedString] ([Id], [LanguageId], [Key], [Value]) VALUES (220, 1, N'BuyerChannel.Field.BuyerPrice', N'Buyer price')
INSERT [dbo].[LocalizedString] ([Id], [LanguageId], [Key], [Value]) VALUES (225, 1, N'PaymentSource.Card.CardNumber', N'Card number')
INSERT [dbo].[LocalizedString] ([Id], [LanguageId], [Key], [Value]) VALUES (226, 1, N'PaymentSource.Card.ValidMonth', N'Valid month')
INSERT [dbo].[LocalizedString] ([Id], [LanguageId], [Key], [Value]) VALUES (227, 1, N'PaymentSource.Card.ValidYear', N'ValidYear')
INSERT [dbo].[LocalizedString] ([Id], [LanguageId], [Key], [Value]) VALUES (228, 1, N'PaymentSource.Card.CSV', N'CSV')
INSERT [dbo].[LocalizedString] ([Id], [LanguageId], [Key], [Value]) VALUES (229, 1, N'PaymentSource.Card.FirstName', N'First name')
INSERT [dbo].[LocalizedString] ([Id], [LanguageId], [Key], [Value]) VALUES (230, 1, N'PaymentSource.Card.LastName', N'Last name')
INSERT [dbo].[LocalizedString] ([Id], [LanguageId], [Key], [Value]) VALUES (231, 1, N'PaymentSource.Card.EMail', N'EMail')
INSERT [dbo].[LocalizedString] ([Id], [LanguageId], [Key], [Value]) VALUES (232, 1, N'PaymentSource.Card.ConfirmEMail', N'Confirm email')
INSERT [dbo].[LocalizedString] ([Id], [LanguageId], [Key], [Value]) VALUES (233, 1, N'PaymentSource.Card.StateRegion', N'State/Region')
INSERT [dbo].[LocalizedString] ([Id], [LanguageId], [Key], [Value]) VALUES (234, 1, N'PaymentSource.Card.BillingAddress1', N'Billing address 1')
INSERT [dbo].[LocalizedString] ([Id], [LanguageId], [Key], [Value]) VALUES (235, 1, N'PaymentSource.Card.BillingAddress2', N'Billing address 2')
INSERT [dbo].[LocalizedString] ([Id], [LanguageId], [Key], [Value]) VALUES (236, 1, N'PaymentSource.Card.IsPrimary', N'Primary')
INSERT [dbo].[LocalizedString] ([Id], [LanguageId], [Key], [Value]) VALUES (237, 1, N'Navigation.ContentManagement.BalanceReportAffiliate', N'Affiliate Balance Report')
INSERT [dbo].[LocalizedString] ([Id], [LanguageId], [Key], [Value]) VALUES (238, 1, N'BuyerChannel.Field.BuyerPriceOption', N'Buyer price option')
INSERT [dbo].[LocalizedString] ([Id], [LanguageId], [Key], [Value]) VALUES (239, 1, N'BuyerChannel.Field.AffiliatePriceOption', N'Affiliate price option')
INSERT [dbo].[LocalizedString] ([Id], [LanguageId], [Key], [Value]) VALUES (240, 1, N'BuyerChannel.Field.AlwaysSoldOption', N'Buyer type')
INSERT [dbo].[LocalizedString] ([Id], [LanguageId], [Key], [Value]) VALUES (241, 1, N'BuyerChannel.Field.PostingHeaders', N'Posting headers')
INSERT [dbo].[LocalizedString] ([Id], [LanguageId], [Key], [Value]) VALUES (242, 1, N'Membership.Login.NotValidated', N'Not validated')
INSERT [dbo].[LocalizedString] ([Id], [LanguageId], [Key], [Value]) VALUES (243, 1, N'BuyerChannel.Field.PriceType', N'Price type')
INSERT [dbo].[LocalizedString] ([Id], [LanguageId], [Key], [Value]) VALUES (244, 1, N'Affiliate.SelectAccountManager	', N'Select account manager')
INSERT [dbo].[LocalizedString] ([Id], [LanguageId], [Key], [Value]) VALUES (245, 1, N'Navigation.ContentManagement.Clicks', N'Clicks')
INSERT [dbo].[LocalizedString] ([Id], [LanguageId], [Key], [Value]) VALUES (246, 1, N'Navigation.ContentManagement.Calls', N'Calls')
INSERT [dbo].[LocalizedString] ([Id], [LanguageId], [Key], [Value]) VALUES (252, 1, N'PageTitle.Lead', N'Leads')
INSERT [dbo].[LocalizedString] ([Id], [LanguageId], [Key], [Value]) VALUES (253, 1, N'PageTitle.Accounting', N'Accounting')
INSERT [dbo].[LocalizedString] ([Id], [LanguageId], [Key], [Value]) VALUES (254, 1, N'Profile.Field.CellPhone', N'Cell phone')
INSERT [dbo].[LocalizedString] ([Id], [LanguageId], [Key], [Value]) VALUES (255, 1, N'Profile.Field.ZipPostalCode', N'Zip Code')
INSERT [dbo].[LocalizedString] ([Id], [LanguageId], [Key], [Value]) VALUES (257, 1, N'membership.registeraffiliate', N'Register as an Affiliate')
INSERT [dbo].[LocalizedString] ([Id], [LanguageId], [Key], [Value]) VALUES (258, 1, N'Affiliate.SelectAccountManager', N'Select account manager')
INSERT [dbo].[LocalizedString] ([Id], [LanguageId], [Key], [Value]) VALUES (259, 1, N'Profile.Field.AddressLine1', N'Address 1')
INSERT [dbo].[LocalizedString] ([Id], [LanguageId], [Key], [Value]) VALUES (260, 1, N'Profile.Field.AddressLine2', N'Address 2')
INSERT [dbo].[LocalizedString] ([Id], [LanguageId], [Key], [Value]) VALUES (261, 1, N'BuyerChannel.Field.MaxDuplicateDays', N'Max duplicate days')
INSERT [dbo].[LocalizedString] ([Id], [LanguageId], [Key], [Value]) VALUES (262, 1, N'BuyerChannel.Field.DailyCap', N'Dailiy cap')
INSERT [dbo].[LocalizedString] ([Id], [LanguageId], [Key], [Value]) VALUES (264, 1, N'Navigation.ContentManagement.ReportAdmin', N'Admin reports')
INSERT [dbo].[LocalizedString] ([Id], [LanguageId], [Key], [Value]) VALUES (265, 1, N'Navigation.ContentManagement.Offer.List', N'Offers')
INSERT [dbo].[LocalizedString] ([Id], [LanguageId], [Key], [Value]) VALUES (266, 1, N'Navigation.ContentManagement.ReportBuyersComparison', N'Buyers Comparison')
INSERT [dbo].[LocalizedString] ([Id], [LanguageId], [Key], [Value]) VALUES (267, 1, N'Navigation.ContentManagement.Membership.ErrorLeadsReportAffiliate', N'Error Leads Report Affiliate')
INSERT [dbo].[LocalizedString] ([Id], [LanguageId], [Key], [Value]) VALUES (268, 1, N'Navigation.ContentManagement.ReportBuyersByPrices', N'Buyers By Prices')
INSERT [dbo].[LocalizedString] ([Id], [LanguageId], [Key], [Value]) VALUES (269, 1, N'Navigation.ContentManagement.ReportBuyersByTrafficEstimator', N'Buyers By Traffic Estimator')
INSERT [dbo].[LocalizedString] ([Id], [LanguageId], [Key], [Value]) VALUES (270, 1, N'Navigation.ContentManagement.ReportBuyersByHour', N'Buyers By Hour')
INSERT [dbo].[LocalizedString] ([Id], [LanguageId], [Key], [Value]) VALUES (275, 1, N'Navigation.ContentManagement.SubIdConverter', N'Sub ID Converter')
INSERT [dbo].[LocalizedString] ([Id], [LanguageId], [Key], [Value]) VALUES (276, 1, N'Navigation.ContentManagement.BulkFilterChanges', N'Bulk filter changes')
INSERT [dbo].[LocalizedString] ([Id], [LanguageId], [Key], [Value]) VALUES (277, 1, N'Navigation.ContentManagement.ReportBuyersWinRateReport', N'Win rate report')
INSERT [dbo].[LocalizedString] ([Id], [LanguageId], [Key], [Value]) VALUES (278, 1, N'Navigation.ContentManagement.ReportBuyersStatement', N'Buyer statement report')
INSERT [dbo].[LocalizedString] ([Id], [LanguageId], [Key], [Value]) VALUES (279, 1, N'Navigation.ContentManagement.AllBuyers', N'Buyers List')
INSERT [dbo].[LocalizedString] ([Id], [LanguageId], [Key], [Value]) VALUES (280, 1, N'Navigation.ContentManagement.Campaign.All', N'Campaigns List')
INSERT [dbo].[LocalizedString] ([Id], [LanguageId], [Key], [Value]) VALUES (281, 1, N'BuyerChannel.Field.AccountIdField', N'Field for AccountID')
SET IDENTITY_INSERT [dbo].[LocalizedString] OFF
SET IDENTITY_INSERT [dbo].[BlackListType] ON 

INSERT [dbo].[BlackListType] ([Id], [Name], [BlackType], [ParentId]) VALUES (1, N'SSN', 0, 0)
INSERT [dbo].[BlackListType] ([Id], [Name], [BlackType], [ParentId]) VALUES (4, N'EMail', 0, 0)
INSERT [dbo].[BlackListType] ([Id], [Name], [BlackType], [ParentId]) VALUES (5, N'IP', 0, 0)
INSERT [dbo].[BlackListType] ([Id], [Name], [BlackType], [ParentId]) VALUES (6, N'Firstname', 0, 0)
INSERT [dbo].[BlackListType] ([Id], [Name], [BlackType], [ParentId]) VALUES (7, N'Zip', 0, 0)
INSERT [dbo].[BlackListType] ([Id], [Name], [BlackType], [ParentId]) VALUES (8, N'Address', 0, 0)
SET IDENTITY_INSERT [dbo].[BlackListType] OFF
SET IDENTITY_INSERT [dbo].[Currency] ON 

INSERT [dbo].[Currency] ([Id], [Name], [Code], [Rate], [Symbol], [Published], [DisplayOrder], [CreatedOn], [UpdatedOn]) VALUES (1, N'United States - Dollar', N'USD', CAST(1.1300 AS Decimal(18, 4)), N'$', 1, 1, CAST(N'2016-12-06T06:02:18.980' AS DateTime), CAST(N'2019-04-12T18:14:35.427' AS DateTime))
INSERT [dbo].[Currency] ([Id], [Name], [Code], [Rate], [Symbol], [Published], [DisplayOrder], [CreatedOn], [UpdatedOn]) VALUES (2, N'Euro - Member Countries', N'EUR', CAST(0.8031 AS Decimal(18, 4)), N'€', 1, 1, CAST(N'2016-12-06T06:02:18.980' AS DateTime), NULL)
SET IDENTITY_INSERT [dbo].[Currency] OFF
SET IDENTITY_INSERT [dbo].[Department] ON 

INSERT [dbo].[Department] ([Id], [Name]) VALUES (1, N'Management')
SET IDENTITY_INSERT [dbo].[Department] OFF
SET IDENTITY_INSERT [dbo].[FilterCondition] ON 

SET IDENTITY_INSERT [dbo].[Navigation] ON 

INSERT [dbo].[Navigation] ([Id], [ParentId], [Layout], [Key], [Controller], [Action], [Permission], [HtmlClass], [Url], [ImageUrl], [Published], [Deleted], [DisplayOrder], [Color]) VALUES (1, 0, N'Web', N'Navigation.Web', NULL, NULL, N'0', NULL, NULL, NULL, 1, 0, 100, NULL)
INSERT [dbo].[Navigation] ([Id], [ParentId], [Layout], [Key], [Controller], [Action], [Permission], [HtmlClass], [Url], [ImageUrl], [Published], [Deleted], [DisplayOrder], [Color]) VALUES (2, 0, N'ContentManagement', N'Navigation.ContentManagement', NULL, NULL, N'1', NULL, NULL, NULL, 1, 0, 100, NULL)
INSERT [dbo].[Navigation] ([Id], [ParentId], [Layout], [Key], [Controller], [Action], [Permission], [HtmlClass], [Url], [ImageUrl], [Published], [Deleted], [DisplayOrder], [Color]) VALUES (3, 2, N'ContentManagement', N'Navigation.ContentManagement.Home', N'Home', N'Index', N'1', N'fa fa-dashboard', NULL, NULL, 0, 0, 100, NULL)
INSERT [dbo].[Navigation] ([Id], [ParentId], [Layout], [Key], [Controller], [Action], [Permission], [HtmlClass], [Url], [ImageUrl], [Published], [Deleted], [DisplayOrder], [Color]) VALUES (4, 2, N'ContentManagement', N'Navigation.ContentManagement.Dashboard', N'Home', N'Dashboard', N'1', N'fa fa-dashboard', NULL, NULL, 1, 0, 100, N'#5ac9fc')
INSERT [dbo].[Navigation] ([Id], [ParentId], [Layout], [Key], [Controller], [Action], [Permission], [HtmlClass], [Url], [ImageUrl], [Published], [Deleted], [DisplayOrder], [Color]) VALUES (5, 2, N'ContentManagement', N'Navigation.ContentManagement.Accounting', NULL, NULL, N'2', N'icon-cash3', NULL, NULL, 1, 0, 107, N'#f1cbff')
INSERT [dbo].[Navigation] ([Id], [ParentId], [Layout], [Key], [Controller], [Action], [Permission], [HtmlClass], [Url], [ImageUrl], [Published], [Deleted], [DisplayOrder], [Color]) VALUES (6, 5, N'ContentManagement', N'Navigation.ContentManagement.BuyerPayments', N'Accounting', N'BuyerPayments', N'8', N'fa fa-money', NULL, NULL, 1, 0, 102, NULL)
INSERT [dbo].[Navigation] ([Id], [ParentId], [Layout], [Key], [Controller], [Action], [Permission], [HtmlClass], [Url], [ImageUrl], [Published], [Deleted], [DisplayOrder], [Color]) VALUES (7, 5, N'ContentManagement', N'Navigation.ContentManagement.AffiliatePaymentNotice', N'Accounting', N'AffiliateInvoices', N'12', N'glyphicon glyphicon-list-alt', NULL, NULL, 1, 0, 103, NULL)
INSERT [dbo].[Navigation] ([Id], [ParentId], [Layout], [Key], [Controller], [Action], [Permission], [HtmlClass], [Url], [ImageUrl], [Published], [Deleted], [DisplayOrder], [Color]) VALUES (8, 5, N'Contentmanagement', N'Navigation.ContentManagement.RefundedLeads', N'Accounting', N'RefundedLeads', N'17', N'glyphicon glyphicon-retweet', NULL, NULL, 1, 0, 104, NULL)
INSERT [dbo].[Navigation] ([Id], [ParentId], [Layout], [Key], [Controller], [Action], [Permission], [HtmlClass], [Url], [ImageUrl], [Published], [Deleted], [DisplayOrder], [Color]) VALUES (9, 5, N'Contentmanagement', N'Navigation.ContentManagement.BuyerInvoices', N'Accounting', N'BuyerInvoices', N'3', N'glyphicon glyphicon-list-alt', NULL, NULL, 1, 0, 100, NULL)
INSERT [dbo].[Navigation] ([Id], [ParentId], [Layout], [Key], [Controller], [Action], [Permission], [HtmlClass], [Url], [ImageUrl], [Published], [Deleted], [DisplayOrder], [Color]) VALUES (10, 5, N'Contentmanagement', N'Navigation.ContentManagement.GenerateCustomInvoices', N'Accounting', N'GenerateCustomInvoices', N'19', N'glyphicon glyphicon-flash', NULL, NULL, 1, 0, 105, NULL)
INSERT [dbo].[Navigation] ([Id], [ParentId], [Layout], [Key], [Controller], [Action], [Permission], [HtmlClass], [Url], [ImageUrl], [Published], [Deleted], [DisplayOrder], [Color]) VALUES (11, 5, N'Contentmanagement', N'Navigation.ContentManagement.BalanceReport', N'Accounting', N'BuyersBalance', N'22', N'fa fa-arrows-h', NULL, NULL, 1, 0, 106, NULL)
INSERT [dbo].[Navigation] ([Id], [ParentId], [Layout], [Key], [Controller], [Action], [Permission], [HtmlClass], [Url], [ImageUrl], [Published], [Deleted], [DisplayOrder], [Color]) VALUES (12, 2, N'ContentManagement', N'Navigation.ContentManagement.Support', NULL, NULL, N'76', N'icon-lifebuoy', NULL, NULL, 1, 0, 109, N'#81ffad')
INSERT [dbo].[Navigation] ([Id], [ParentId], [Layout], [Key], [Controller], [Action], [Permission], [HtmlClass], [Url], [ImageUrl], [Published], [Deleted], [DisplayOrder], [Color]) VALUES (13, 12, N'ContentManagement', N'Navigation.ContentManagement.SupportViewTickets', N'Support', N'Tickets', N'77', NULL, NULL, NULL, 1, 0, 100, NULL)
INSERT [dbo].[Navigation] ([Id], [ParentId], [Layout], [Key], [Controller], [Action], [Permission], [HtmlClass], [Url], [ImageUrl], [Published], [Deleted], [DisplayOrder], [Color]) VALUES (14, 12, N'Contentmanagement', N'Navigation.ContentManagement.SupportBrowseArticles', N'Support', N'Index', N'1', NULL, NULL, NULL, 0, 0, 101, NULL)
INSERT [dbo].[Navigation] ([Id], [ParentId], [Layout], [Key], [Controller], [Action], [Permission], [HtmlClass], [Url], [ImageUrl], [Published], [Deleted], [DisplayOrder], [Color]) VALUES (15, 2, N'ContentManagement', N'Navigation.ContentManagement.Affiliate.List', NULL, NULL, N'27', N'icon-users2', NULL, NULL, 1, 0, 103, N'#c6ffce')
INSERT [dbo].[Navigation] ([Id], [ParentId], [Layout], [Key], [Controller], [Action], [Permission], [HtmlClass], [Url], [ImageUrl], [Published], [Deleted], [DisplayOrder], [Color]) VALUES (16, 15, N'ContentManagement', N'Navigation.ContentManagement.NewAffiliate', N'Affiliate', N'Item', N'27,32', N'icon-user-plus', NULL, NULL, 0, 0, 101, NULL)
INSERT [dbo].[Navigation] ([Id], [ParentId], [Layout], [Key], [Controller], [Action], [Permission], [HtmlClass], [Url], [ImageUrl], [Published], [Deleted], [DisplayOrder], [Color]) VALUES (17, 15, N'ContentManagement', N'Navigation.ContentManagement.AffiliateChannel.List', N'AffiliateChannel', N'List', N'46', N'fa fa-users', NULL, NULL, 1, 0, 107, NULL)
INSERT [dbo].[Navigation] ([Id], [ParentId], [Layout], [Key], [Controller], [Action], [Permission], [HtmlClass], [Url], [ImageUrl], [Published], [Deleted], [DisplayOrder], [Color]) VALUES (18, 15, N'ContentManagement', N'Navigation.ContentManagement.AllAffiliate', N'Affiliate', N'List', N'27', NULL, NULL, NULL, 1, 0, 100, NULL)
INSERT [dbo].[Navigation] ([Id], [ParentId], [Layout], [Key], [Controller], [Action], [Permission], [HtmlClass], [Url], [ImageUrl], [Published], [Deleted], [DisplayOrder], [Color]) VALUES (19, 2, N'ContentManagement', N'Navigation.ContentManagement.Buyer', NULL, NULL, N'38', N'fa fa-users', NULL, NULL, 1, 0, 104, N'#eaffc5')
INSERT [dbo].[Navigation] ([Id], [ParentId], [Layout], [Key], [Controller], [Action], [Permission], [HtmlClass], [Url], [ImageUrl], [Published], [Deleted], [DisplayOrder], [Color]) VALUES (20, 19, N'ContentManagement', N'Navigation.ContentManagement.Buyer.NewBuyer', N'Buyer', N'Create', N'38, 39', N'icon-user-plus', NULL, NULL, 0, 0, 101, NULL)
INSERT [dbo].[Navigation] ([Id], [ParentId], [Layout], [Key], [Controller], [Action], [Permission], [HtmlClass], [Url], [ImageUrl], [Published], [Deleted], [DisplayOrder], [Color]) VALUES (21, 19, N'ContentManagement', N'Navigation.ContentManagement.BuyerChannel.List', N'BuyerChannel', N'List', N'47', N'fa fa-users', NULL, NULL, 1, 0, 108, NULL)
INSERT [dbo].[Navigation] ([Id], [ParentId], [Layout], [Key], [Controller], [Action], [Permission], [HtmlClass], [Url], [ImageUrl], [Published], [Deleted], [DisplayOrder], [Color]) VALUES (23, 2, N'ContentManagement', N'Navigation.ContentManagement.Campaign.List', NULL, NULL, N'44', N'icon-flattr', NULL, NULL, 1, 0, 105, N'#b6b8ff')
INSERT [dbo].[Navigation] ([Id], [ParentId], [Layout], [Key], [Controller], [Action], [Permission], [HtmlClass], [Url], [ImageUrl], [Published], [Deleted], [DisplayOrder], [Color]) VALUES (26, 2, N'ContentManagement', N'Navigation.ContentManagement.Settings', NULL, NULL, N'54', N'icon-hammer-wrench', NULL, NULL, 1, 0, 200, N'#cfcfcf')
INSERT [dbo].[Navigation] ([Id], [ParentId], [Layout], [Key], [Controller], [Action], [Permission], [HtmlClass], [Url], [ImageUrl], [Published], [Deleted], [DisplayOrder], [Color]) VALUES (27, 26, N'ContentManagement', N'Navigation.ContentManagement.Department.List', N'Department', N'List', N'58', NULL, NULL, NULL, 0, 0, 102, NULL)
INSERT [dbo].[Navigation] ([Id], [ParentId], [Layout], [Key], [Controller], [Action], [Permission], [HtmlClass], [Url], [ImageUrl], [Published], [Deleted], [DisplayOrder], [Color]) VALUES (28, 26, N'ContentManagement', N'Navigation.ContentManagement.SettingsCompany', N'Setting', N'Index', N'55', N'', NULL, NULL, 1, 0, 100, NULL)
INSERT [dbo].[Navigation] ([Id], [ParentId], [Layout], [Key], [Controller], [Action], [Permission], [HtmlClass], [Url], [ImageUrl], [Published], [Deleted], [DisplayOrder], [Color]) VALUES (29, 26, N'ContentManagement', N'Navigation.ContentManagement.SettingsEmailTemplate', N'Setting', N'EMailTemplates', N'60', N'', NULL, NULL, 1, 0, 103, NULL)
INSERT [dbo].[Navigation] ([Id], [ParentId], [Layout], [Key], [Controller], [Action], [Permission], [HtmlClass], [Url], [ImageUrl], [Published], [Deleted], [DisplayOrder], [Color]) VALUES (30, 26, N'Contentmanagement', N'Navigation.ContentManagement.SettingsEmailSMTP', N'Setting', N'Smtp', N'61', N'', NULL, NULL, 1, 0, 104, NULL)
INSERT [dbo].[Navigation] ([Id], [ParentId], [Layout], [Key], [Controller], [Action], [Permission], [HtmlClass], [Url], [ImageUrl], [Published], [Deleted], [DisplayOrder], [Color]) VALUES (31, 26, N'Contentmanagement', N'Navigation.ContentManagement.ClearCache', N'common', N'ClearCacheManager', N'2', NULL, NULL, NULL, 0, 0, 105, NULL)
INSERT [dbo].[Navigation] ([Id], [ParentId], [Layout], [Key], [Controller], [Action], [Permission], [HtmlClass], [Url], [ImageUrl], [Published], [Deleted], [DisplayOrder], [Color]) VALUES (32, 26, N'ContentManagement', N'Navigation.ContentManagement.Vertical.List', N'Vertical', N'List', N'56', N'fa fa-users', NULL, NULL, 1, 0, 101, NULL)
INSERT [dbo].[Navigation] ([Id], [ParentId], [Layout], [Key], [Controller], [Action], [Permission], [HtmlClass], [Url], [ImageUrl], [Published], [Deleted], [DisplayOrder], [Color]) VALUES (33, 26, N'ContentManagement', N'Navigation.ContentManagement.Campaign.TemplateList', N'Campaign', N'TemplateList', N'2', N'icon-flattr', NULL, NULL, 1, 0, 102, NULL)
INSERT [dbo].[Navigation] ([Id], [ParentId], [Layout], [Key], [Controller], [Action], [Permission], [HtmlClass], [Url], [ImageUrl], [Published], [Deleted], [DisplayOrder], [Color]) VALUES (34, 26, N'Contentmanagement', N'Navigation.ContentManagement.TimeZone', N'Setting', N'TimeZone', N'62', N'', NULL, NULL, 1, 0, 104, NULL)
INSERT [dbo].[Navigation] ([Id], [ParentId], [Layout], [Key], [Controller], [Action], [Permission], [HtmlClass], [Url], [ImageUrl], [Published], [Deleted], [DisplayOrder], [Color]) VALUES (35, 26, N'ContentManagement', N'Navigation.ContentManagement.BlackList.List', N'BlackList', N'List', N'57', N'fa fa-users', NULL, NULL, 1, 0, 101, NULL)
INSERT [dbo].[Navigation] ([Id], [ParentId], [Layout], [Key], [Controller], [Action], [Permission], [HtmlClass], [Url], [ImageUrl], [Published], [Deleted], [DisplayOrder], [Color]) VALUES (36, 26, N'ContentManagement', N'Navigation.ContentManagement.Settings.History', N'History', N'Index', N'63', NULL, NULL, NULL, 1, 0, 108, NULL)
INSERT [dbo].[Navigation] ([Id], [ParentId], [Layout], [Key], [Controller], [Action], [Permission], [HtmlClass], [Url], [ImageUrl], [Published], [Deleted], [DisplayOrder], [Color]) VALUES (37, 2, N'Contentmanagement', N'Navigation.ContentManagement.Logs', NULL, NULL, N'51', N'icon-make-group position-left', NULL, NULL, 0, 0, 101, N'#ffd0b1')
INSERT [dbo].[Navigation] ([Id], [ParentId], [Layout], [Key], [Controller], [Action], [Permission], [HtmlClass], [Url], [ImageUrl], [Published], [Deleted], [DisplayOrder], [Color]) VALUES (38, 2, N'ContentManagement', N'Navigation.ContentManagement.Leads', N'Lead', N'Index', N'51,52', N'icon-make-group position-left', NULL, NULL, 1, 0, 100, NULL)
INSERT [dbo].[Navigation] ([Id], [ParentId], [Layout], [Key], [Controller], [Action], [Permission], [HtmlClass], [Url], [ImageUrl], [Published], [Deleted], [DisplayOrder], [Color]) VALUES (39, 2, N'ContentManagement', N'Navigation.ContentManagement.Reports', NULL, NULL, N'33, 23', N' icon-calendar5', NULL, NULL, 1, 0, 106, N'#ffd9d9')
INSERT [dbo].[Navigation] ([Id], [ParentId], [Layout], [Key], [Controller], [Action], [Permission], [HtmlClass], [Url], [ImageUrl], [Published], [Deleted], [DisplayOrder], [Color]) VALUES (40, 39, N'ContentManagement', N'Navigation.ContentManagement.ReportBuyers', N'Report', N'ReportBuyers', N'33', N'icon-hammer-wrench', NULL, NULL, 1, 0, 200, NULL)
INSERT [dbo].[Navigation] ([Id], [ParentId], [Layout], [Key], [Controller], [Action], [Permission], [HtmlClass], [Url], [ImageUrl], [Published], [Deleted], [DisplayOrder], [Color]) VALUES (41, 39, N'ContentManagement', N'Navigation.ContentManagement.ReportAffiliates', N'Report', N'ReportAffiliates', N'23', N'icon-hammer-wrench', NULL, NULL, 1, 0, 200, NULL)
INSERT [dbo].[Navigation] ([Id], [ParentId], [Layout], [Key], [Controller], [Action], [Permission], [HtmlClass], [Url], [ImageUrl], [Published], [Deleted], [DisplayOrder], [Color]) VALUES (42, 2, N'ContentManagement', N'Navigation.ContentManagement.Membership.User', N'Membership', N'Index', N'1,2, 80', N'fa fa-users', NULL, NULL, 1, 0, 108, N'#bdfffb')
INSERT [dbo].[Navigation] ([Id], [ParentId], [Layout], [Key], [Controller], [Action], [Permission], [HtmlClass], [Url], [ImageUrl], [Published], [Deleted], [DisplayOrder], [Color]) VALUES (46, 42, N'ContentManagement', N'Navigation.ContentManagement.Role.List', N'Role', N'List', N'1, 2, 81', NULL, NULL, NULL, 1, 0, 100, NULL)
INSERT [dbo].[Navigation] ([Id], [ParentId], [Layout], [Key], [Controller], [Action], [Permission], [HtmlClass], [Url], [ImageUrl], [Published], [Deleted], [DisplayOrder], [Color]) VALUES (47, 42, N'ContentManagement', N'Navigation.ContentManagement.Membership.SystemUser.List', N'User', N'List', N'1, 2, 82', NULL, NULL, NULL, 1, 0, 200, NULL)
INSERT [dbo].[Navigation] ([Id], [ParentId], [Layout], [Key], [Controller], [Action], [Permission], [HtmlClass], [Url], [ImageUrl], [Published], [Deleted], [DisplayOrder], [Color]) VALUES (48, 42, N'ContentManagement', N'Navigation.ContentManagement.Membership.AffiliateUser.List', N'User', N'AffiliateList', N'1, 2, 84', NULL, NULL, NULL, 1, 0, 300, NULL)
INSERT [dbo].[Navigation] ([Id], [ParentId], [Layout], [Key], [Controller], [Action], [Permission], [HtmlClass], [Url], [ImageUrl], [Published], [Deleted], [DisplayOrder], [Color]) VALUES (49, 42, N'ContentManagement', N'Navigation.ContentManagement.Membership.BuyerUser.List', N'User', N'BuyerList', N'1, 2, 87', NULL, NULL, NULL, 1, 0, 400, NULL)
INSERT [dbo].[Navigation] ([Id], [ParentId], [Layout], [Key], [Controller], [Action], [Permission], [HtmlClass], [Url], [ImageUrl], [Published], [Deleted], [DisplayOrder], [Color]) VALUES (50, 39, N'ContentManagement', N'Navigation.ContentManagement.Membership.BadIPClicksReport', N'Lead', N'BadIPClicksReport', N'1,2', NULL, NULL, NULL, 1, 0, 300, NULL)
INSERT [dbo].[Navigation] ([Id], [ParentId], [Layout], [Key], [Controller], [Action], [Permission], [HtmlClass], [Url], [ImageUrl], [Published], [Deleted], [DisplayOrder], [Color]) VALUES (51, 39, N'ContentManagement', N'Navigation.ContentManagement.Membership.ErrorLeadsReportBuyer', N'Lead', N'ErrorLeadsReportBuyer', N'1,2', NULL, NULL, NULL, 1, 0, 400, NULL)
INSERT [dbo].[Navigation] ([Id], [ParentId], [Layout], [Key], [Controller], [Action], [Permission], [HtmlClass], [Url], [ImageUrl], [Published], [Deleted], [DisplayOrder], [Color]) VALUES (52, 26, N'ContentManagement', N'Navigation.ContentManagement.ZipCodeRedirect.List', N'ZipCodeRedirect', N'List', N'57', N'fa fa-users', NULL, NULL, 0, 0, 101, NULL)
INSERT [dbo].[Navigation] ([Id], [ParentId], [Layout], [Key], [Controller], [Action], [Permission], [HtmlClass], [Url], [ImageUrl], [Published], [Deleted], [DisplayOrder], [Color]) VALUES (55, 5, N'ContentManagement', N'Navigation.ContentManagement.BalanceReportAffiliate', N'Accounting', N'AffiliatesBalance', N'22', N'fa fa-arrows-h', NULL, NULL, 1, 0, 107, NULL)
INSERT [dbo].[Navigation] ([Id], [ParentId], [Layout], [Key], [Controller], [Action], [Permission], [HtmlClass], [Url], [ImageUrl], [Published], [Deleted], [DisplayOrder], [Color]) VALUES (62, 39, N'ContentManagement', N'Navigation.ContentManagement.ReportBuyersComparison', N'Report', N'ReportBuyersComparison', N'33', N'icon-hammer-wrench', NULL, NULL, 1, 0, 200, NULL)
INSERT [dbo].[Navigation] ([Id], [ParentId], [Layout], [Key], [Controller], [Action], [Permission], [HtmlClass], [Url], [ImageUrl], [Published], [Deleted], [DisplayOrder], [Color]) VALUES (63, 39, N'ContentManagement', N'Navigation.ContentManagement.Membership.ErrorLeadsReportAffiliate', N'Lead', N'ErrorLeadsReportAffiliate', N'1,2', NULL, NULL, NULL, 1, 0, 400, NULL)
INSERT [dbo].[Navigation] ([Id], [ParentId], [Layout], [Key], [Controller], [Action], [Permission], [HtmlClass], [Url], [ImageUrl], [Published], [Deleted], [DisplayOrder], [Color]) VALUES (64, 39, N'ContentManagement', N'Navigation.ContentManagement.ReportBuyersByPrices', N'Report', N'ReportBuyersByPrices', N'33', N'icon-hammer-wrench', NULL, NULL, 1, 0, 500, NULL)
INSERT [dbo].[Navigation] ([Id], [ParentId], [Layout], [Key], [Controller], [Action], [Permission], [HtmlClass], [Url], [ImageUrl], [Published], [Deleted], [DisplayOrder], [Color]) VALUES (65, 39, N'ContentManagement', N'Navigation.ContentManagement.ReportBuyersByTrafficEstimator', N'Report', N'ReportBuyersByTrafficEstimator', N'33', N'icon-hammer-wrench', NULL, NULL, 1, 0, 510, NULL)
INSERT [dbo].[Navigation] ([Id], [ParentId], [Layout], [Key], [Controller], [Action], [Permission], [HtmlClass], [Url], [ImageUrl], [Published], [Deleted], [DisplayOrder], [Color]) VALUES (66, 39, N'ContentManagement', N'Navigation.ContentManagement.ReportBuyersByHour', N'Report', N'ReportBuyersByHour', N'33', N'icon-hammer-wrench', NULL, NULL, 1, 0, 520, NULL)
INSERT [dbo].[Navigation] ([Id], [ParentId], [Layout], [Key], [Controller], [Action], [Permission], [HtmlClass], [Url], [ImageUrl], [Published], [Deleted], [DisplayOrder], [Color]) VALUES (67, 39, N'ContentManagement', N'Navigation.ContentManagement.SubIdConverter', N'Report', N'SubIdConverter', N'33', N'icon-hammer-wrench', NULL, NULL, 1, 0, 200, NULL)
INSERT [dbo].[Navigation] ([Id], [ParentId], [Layout], [Key], [Controller], [Action], [Permission], [HtmlClass], [Url], [ImageUrl], [Published], [Deleted], [DisplayOrder], [Color]) VALUES (69, 19, N'ContentManagement', N'Navigation.ContentManagement.BulkFilterChanges', N'Buyer', N'BulkFilterChanges', N'47', N'fa fa-users', NULL, NULL, 1, 0, 108, NULL)
INSERT [dbo].[Navigation] ([Id], [ParentId], [Layout], [Key], [Controller], [Action], [Permission], [HtmlClass], [Url], [ImageUrl], [Published], [Deleted], [DisplayOrder], [Color]) VALUES (70, 39, N'ContentManagement', N'Navigation.ContentManagement.ReportBuyersWinRateReport', N'Report', N'ReportBuyersWinRateReport', N'33', N'icon-hammer-wrench', NULL, NULL, 1, 0, 510, NULL)
INSERT [dbo].[Navigation] ([Id], [ParentId], [Layout], [Key], [Controller], [Action], [Permission], [HtmlClass], [Url], [ImageUrl], [Published], [Deleted], [DisplayOrder], [Color]) VALUES (71, 39, N'ContentManagement', N'Navigation.ContentManagement.ReportBuyersStatement', N'Report', N'ReportBuyersStatement', N'33', N'icon-hammer-wrench', NULL, NULL, 1, 0, 510, NULL)
INSERT [dbo].[Navigation] ([Id], [ParentId], [Layout], [Key], [Controller], [Action], [Permission], [HtmlClass], [Url], [ImageUrl], [Published], [Deleted], [DisplayOrder], [Color]) VALUES (72, 19, N'ContentManagement', N'Navigation.ContentManagement.AllBuyers', N'Buyer', N'List', N'33', N'icon-hammer-wrench', NULL, NULL, 1, 0, 107, NULL)
INSERT [dbo].[Navigation] ([Id], [ParentId], [Layout], [Key], [Controller], [Action], [Permission], [HtmlClass], [Url], [ImageUrl], [Published], [Deleted], [DisplayOrder], [Color]) VALUES (73, 23, N'ContentManagement', N'Navigation.ContentManagement.Campaign.All', N'Campaign', N'List', N'44', N'icon-flattr', NULL, NULL, 1, 0, 105, N'#b6b8ff')
SET IDENTITY_INSERT [dbo].[Navigation] OFF
SET IDENTITY_INSERT [dbo].[PaymentSource] ON 

INSERT [dbo].[PaymentSource] ([Id], [Created], [ParentId], [UserTypeId], [PaymentSourceTypeId]) VALUES (1, CAST(N'2019-04-01T13:22:11.690' AS DateTime), 0, 1, 1)
INSERT [dbo].[PaymentSource] ([Id], [Created], [ParentId], [UserTypeId], [PaymentSourceTypeId]) VALUES (2, CAST(N'2019-04-10T15:59:08.090' AS DateTime), 0, 1, 1)
SET IDENTITY_INSERT [dbo].[PaymentSource] OFF
SET IDENTITY_INSERT [dbo].[PaymentSourceType] ON 

INSERT [dbo].[PaymentSourceType] ([Id], [Name], [Fields]) VALUES (1, N'PayPal', N'')
SET IDENTITY_INSERT [dbo].[PaymentSourceType] OFF
SET IDENTITY_INSERT [dbo].[PaymentSourceValue] ON 

INSERT [dbo].[PaymentSourceValue] ([Id], [FieldName], [FieldValue], [PaymentSourceId]) VALUES (1, N'CardNumber', N'4111111111111111', 1)
INSERT [dbo].[PaymentSourceValue] ([Id], [FieldName], [FieldValue], [PaymentSourceId]) VALUES (2, N'ValidMonth', N'0', 1)
INSERT [dbo].[PaymentSourceValue] ([Id], [FieldName], [FieldValue], [PaymentSourceId]) VALUES (3, N'ValidYear', N'0', 1)
INSERT [dbo].[PaymentSourceValue] ([Id], [FieldName], [FieldValue], [PaymentSourceId]) VALUES (4, N'CSV', N'123', 1)
INSERT [dbo].[PaymentSourceValue] ([Id], [FieldName], [FieldValue], [PaymentSourceId]) VALUES (5, N'FirstName', N'Arman', 1)
INSERT [dbo].[PaymentSourceValue] ([Id], [FieldName], [FieldValue], [PaymentSourceId]) VALUES (6, N'LastName', N'Test', 1)
INSERT [dbo].[PaymentSourceValue] ([Id], [FieldName], [FieldValue], [PaymentSourceId]) VALUES (7, N'EMail', N'zzzarman888@mail.ru', 1)
INSERT [dbo].[PaymentSourceValue] ([Id], [FieldName], [FieldValue], [PaymentSourceId]) VALUES (8, N'StateRegion', N'Yerevan', 1)
INSERT [dbo].[PaymentSourceValue] ([Id], [FieldName], [FieldValue], [PaymentSourceId]) VALUES (9, N'BillingAddress1', N'Yerevan1', 1)
INSERT [dbo].[PaymentSourceValue] ([Id], [FieldName], [FieldValue], [PaymentSourceId]) VALUES (10, N'BillingAddress2', NULL, 1)
INSERT [dbo].[PaymentSourceValue] ([Id], [FieldName], [FieldValue], [PaymentSourceId]) VALUES (11, N'IsPrimary', N'True', 1)
INSERT [dbo].[PaymentSourceValue] ([Id], [FieldName], [FieldValue], [PaymentSourceId]) VALUES (12, N'CardNumber', N'41111111111111111', 2)
INSERT [dbo].[PaymentSourceValue] ([Id], [FieldName], [FieldValue], [PaymentSourceId]) VALUES (13, N'ValidMonth', N'0', 2)
INSERT [dbo].[PaymentSourceValue] ([Id], [FieldName], [FieldValue], [PaymentSourceId]) VALUES (14, N'ValidYear', N'0', 2)
INSERT [dbo].[PaymentSourceValue] ([Id], [FieldName], [FieldValue], [PaymentSourceId]) VALUES (15, N'CSV', N'123', 2)
INSERT [dbo].[PaymentSourceValue] ([Id], [FieldName], [FieldValue], [PaymentSourceId]) VALUES (16, N'FirstName', N'Demo', 2)
INSERT [dbo].[PaymentSourceValue] ([Id], [FieldName], [FieldValue], [PaymentSourceId]) VALUES (17, N'LastName', N'User 1', 2)
INSERT [dbo].[PaymentSourceValue] ([Id], [FieldName], [FieldValue], [PaymentSourceId]) VALUES (18, N'EMail', N'zzzarman888@mail.ru', 2)
INSERT [dbo].[PaymentSourceValue] ([Id], [FieldName], [FieldValue], [PaymentSourceId]) VALUES (19, N'StateRegion', N'AM', 2)
INSERT [dbo].[PaymentSourceValue] ([Id], [FieldName], [FieldValue], [PaymentSourceId]) VALUES (20, N'BillingAddress1', N'Yyy', 2)
INSERT [dbo].[PaymentSourceValue] ([Id], [FieldName], [FieldValue], [PaymentSourceId]) VALUES (21, N'BillingAddress2', N'aaa', 2)
INSERT [dbo].[PaymentSourceValue] ([Id], [FieldName], [FieldValue], [PaymentSourceId]) VALUES (22, N'IsPrimary', N'True', 2)
SET IDENTITY_INSERT [dbo].[PaymentSourceValue] OFF
SET IDENTITY_INSERT [dbo].[ScheduleTask] ON 


INSERT [dbo].[ScheduleTask] ([Id], [Name], [ServiceType], [Seconds], [Enabled], [StopOnError], [MachineName], [MachineDuration], [LastStart], [LastEnd], [LastSuccess], [Description]) VALUES (2, N'Email Queue', N'Adrack.Service.Message.EmailQueueTask, Adrack.Service', 30, 1, 0, N'db2c42efd81e683a7fbcb0ce1af1488e88082bed9fc82c9330e8855bd20ce941', CAST(N'2019-04-12T19:44:15.213' AS DateTime), CAST(N'2019-04-12T19:14:15.227' AS DateTime), CAST(N'2019-04-12T19:14:15.257' AS DateTime), CAST(N'2019-04-12T19:14:15.257' AS DateTime), N'Send emails from queue')


SET IDENTITY_INSERT [dbo].[ScheduleTask] OFF
SET IDENTITY_INSERT [dbo].[Setting] ON 

INSERT [dbo].[Setting] ([Id], [Key], [Value], [Description]) VALUES (1, N'CommonSetting.SitemapEnabled', N'True', NULL)
INSERT [dbo].[Setting] ([Id], [Key], [Value], [Description]) VALUES (2, N'CommonSetting.SitemapIncludeContent', N'True', NULL)
INSERT [dbo].[Setting] ([Id], [Key], [Value], [Description]) VALUES (3, N'CommonSetting.BreadcrumbDelimiter', N'/', NULL)
INSERT [dbo].[Setting] ([Id], [Key], [Value], [Description]) VALUES (4, N'SearchSetting.SearchMinimumLength', N'3', NULL)
INSERT [dbo].[Setting] ([Id], [Key], [Value], [Description]) VALUES (5, N'SearchSetting.AutoCompleteEnabled', N'False', NULL)
INSERT [dbo].[Setting] ([Id], [Key], [Value], [Description]) VALUES (6, N'SearchSetting.ShowImagesInSearchAutoComplete', N'False', NULL)
INSERT [dbo].[Setting] ([Id], [Key], [Value], [Description]) VALUES (7, N'AppSetting.Name', N'Adrack', NULL)
INSERT [dbo].[Setting] ([Id], [Key], [Value], [Description]) VALUES (8, N'AppSetting.Url', N'', NULL)
INSERT [dbo].[Setting] ([Id], [Key], [Value], [Description]) VALUES (9, N'AppSetting.Host', N'', NULL)
INSERT [dbo].[Setting] ([Id], [Key], [Value], [Description]) VALUES (10, N'AppSetting.SecureUrl', N'', NULL)
INSERT [dbo].[Setting] ([Id], [Key], [Value], [Description]) VALUES (11, N'AppSetting.SslEnabled', N'False', NULL)
INSERT [dbo].[Setting] ([Id], [Key], [Value], [Description]) VALUES (12, N'AppSetting.SiteMaintenance', N'False', NULL)
INSERT [dbo].[Setting] ([Id], [Key], [Value], [Description]) VALUES (13, N'AppSetting.ResponsiveDesignSupported', N'True', NULL)
INSERT [dbo].[Setting] ([Id], [Key], [Value], [Description]) VALUES (14, N'AppSetting.FacebookLink', N'http://www.facebook.com/{Name}', NULL)
INSERT [dbo].[Setting] ([Id], [Key], [Value], [Description]) VALUES (15, N'AppSetting.TwitterLink', N'http://www.twitter.com/{Name}', NULL)
INSERT [dbo].[Setting] ([Id], [Key], [Value], [Description]) VALUES (16, N'AppSetting.YoutubeLink', N'http://www.youtube.com/{Name}', NULL)
INSERT [dbo].[Setting] ([Id], [Key], [Value], [Description]) VALUES (17, N'AddressSetting.FirstNameEnabled', N'True', NULL)
INSERT [dbo].[Setting] ([Id], [Key], [Value], [Description]) VALUES (18, N'AddressSetting.FirstNameRequired', N'False', NULL)
INSERT [dbo].[Setting] ([Id], [Key], [Value], [Description]) VALUES (19, N'AddressSetting.LastNameEnabled', N'True', NULL)
INSERT [dbo].[Setting] ([Id], [Key], [Value], [Description]) VALUES (20, N'AddressSetting.LastNameRequired', N'False', NULL)
INSERT [dbo].[Setting] ([Id], [Key], [Value], [Description]) VALUES (21, N'AddressSetting.AddressLine1Enabled', N'True', NULL)
INSERT [dbo].[Setting] ([Id], [Key], [Value], [Description]) VALUES (22, N'AddressSetting.AddressLine1Required', N'False', NULL)
INSERT [dbo].[Setting] ([Id], [Key], [Value], [Description]) VALUES (23, N'AddressSetting.AddressLine2Enabled', N'True', NULL)
INSERT [dbo].[Setting] ([Id], [Key], [Value], [Description]) VALUES (24, N'AddressSetting.AddressLine2Required', N'False', NULL)
INSERT [dbo].[Setting] ([Id], [Key], [Value], [Description]) VALUES (25, N'AddressSetting.CountryEnabled', N'True', NULL)
INSERT [dbo].[Setting] ([Id], [Key], [Value], [Description]) VALUES (26, N'AddressSetting.CountryRequired', N'False', NULL)
INSERT [dbo].[Setting] ([Id], [Key], [Value], [Description]) VALUES (27, N'AddressSetting.CityEnabled', N'True', NULL)
INSERT [dbo].[Setting] ([Id], [Key], [Value], [Description]) VALUES (28, N'AddressSetting.CityRequired', N'False', NULL)
INSERT [dbo].[Setting] ([Id], [Key], [Value], [Description]) VALUES (29, N'AddressSetting.StateProvinceEnabled', N'True', NULL)
INSERT [dbo].[Setting] ([Id], [Key], [Value], [Description]) VALUES (30, N'AddressSetting.StateProvinceRequired', N'False', NULL)
INSERT [dbo].[Setting] ([Id], [Key], [Value], [Description]) VALUES (31, N'AddressSetting.ZipPostalCodeEnabled', N'True', NULL)
INSERT [dbo].[Setting] ([Id], [Key], [Value], [Description]) VALUES (32, N'AddressSetting.ZipPostalCodeRequired', N'False', NULL)
INSERT [dbo].[Setting] ([Id], [Key], [Value], [Description]) VALUES (33, N'AddressSetting.TelephoneEnabled', N'True', NULL)
INSERT [dbo].[Setting] ([Id], [Key], [Value], [Description]) VALUES (34, N'AddressSetting.TelephoneRequired', N'False', NULL)
INSERT [dbo].[Setting] ([Id], [Key], [Value], [Description]) VALUES (35, N'CurrencySetting.DisplayCurrencyLabel', N'False', NULL)
INSERT [dbo].[Setting] ([Id], [Key], [Value], [Description]) VALUES (36, N'CurrencySetting.PrimaryExchangeRateCurrencyId', N'1', NULL)
INSERT [dbo].[Setting] ([Id], [Key], [Value], [Description]) VALUES (37, N'CurrencySetting.ActiveExchangeRateProviderKey', N'CurrencyExchange.MoneyConverter', NULL)
INSERT [dbo].[Setting] ([Id], [Key], [Value], [Description]) VALUES (38, N'CurrencySetting.AutoUpdateEnabled', N'True', NULL)
INSERT [dbo].[Setting] ([Id], [Key], [Value], [Description]) VALUES (39, N'CurrencySetting.LastUpdateTime', N'0', NULL)
INSERT [dbo].[Setting] ([Id], [Key], [Value], [Description]) VALUES (40, N'LocalizationSetting.PrimaryAppLanguageId', N'1', NULL)
INSERT [dbo].[Setting] ([Id], [Key], [Value], [Description]) VALUES (41, N'LocalizationSetting.ContentManagementLanguageId', N'1', NULL)
INSERT [dbo].[Setting] ([Id], [Key], [Value], [Description]) VALUES (42, N'LocalizationSetting.ContentManagementRtl', N'False', NULL)
INSERT [dbo].[Setting] ([Id], [Key], [Value], [Description]) VALUES (43, N'LocalizationSetting.UseImageForLanguageSelection', N'False', NULL)
INSERT [dbo].[Setting] ([Id], [Key], [Value], [Description]) VALUES (44, N'LocalizationSetting.SeoFriendlyUrlsForLanguagesEnabled', N'False', NULL)
INSERT [dbo].[Setting] ([Id], [Key], [Value], [Description]) VALUES (45, N'LocalizationSetting.AutomaticallyDetectLanguage', N'False', NULL)
INSERT [dbo].[Setting] ([Id], [Key], [Value], [Description]) VALUES (46, N'LocalizationSetting.LoadAllLocalizedStringsOnStartup', N'True', NULL)
INSERT [dbo].[Setting] ([Id], [Key], [Value], [Description]) VALUES (47, N'LocalizationSetting.LoadAllLocalizedPropertiesOnStartup', N'True', NULL)
INSERT [dbo].[Setting] ([Id], [Key], [Value], [Description]) VALUES (48, N'LocalizationSetting.LoadAllPageSlugsOnStartup', N'True', NULL)
INSERT [dbo].[Setting] ([Id], [Key], [Value], [Description]) VALUES (49, N'AuthenticationSetting.AutoRegisterEnabled', N'False', NULL)
INSERT [dbo].[Setting] ([Id], [Key], [Value], [Description]) VALUES (50, N'AuthenticationSetting.ActiveAuthenticationMethodKey', N'', NULL)
INSERT [dbo].[Setting] ([Id], [Key], [Value], [Description]) VALUES (51, N'UserSetting.UsernameEnabled', N'True', NULL)
INSERT [dbo].[Setting] ([Id], [Key], [Value], [Description]) VALUES (52, N'UserSetting.CheckUsernameAvailabilityEnabled', N'True', NULL)
INSERT [dbo].[Setting] ([Id], [Key], [Value], [Description]) VALUES (53, N'UserSetting.AllowUserToChangeUsername', N'False', NULL)
INSERT [dbo].[Setting] ([Id], [Key], [Value], [Description]) VALUES (54, N'UserSetting.UserRegistrationType', N'Standard', NULL)
INSERT [dbo].[Setting] ([Id], [Key], [Value], [Description]) VALUES (55, N'UserSetting.MinimumRequiredPasswordLength', N'8', NULL)
INSERT [dbo].[Setting] ([Id], [Key], [Value], [Description]) VALUES (56, N'UserSetting.MaximumInvalidPasswordAttempts', N'7', NULL)
INSERT [dbo].[Setting] ([Id], [Key], [Value], [Description]) VALUES (57, N'UserSetting.MaximumLoginAttempts', N'3', NULL)
INSERT [dbo].[Setting] ([Id], [Key], [Value], [Description]) VALUES (58, N'UserSetting.ForgotPasswordLinkDaysValid', N'7', NULL)
INSERT [dbo].[Setting] ([Id], [Key], [Value], [Description]) VALUES (59, N'UserSetting.LastVisitedPage', N'True', NULL)
INSERT [dbo].[Setting] ([Id], [Key], [Value], [Description]) VALUES (60, N'ProfileSetting.FirstNameEnabled', N'True', NULL)
INSERT [dbo].[Setting] ([Id], [Key], [Value], [Description]) VALUES (61, N'ProfileSetting.FirstNameRequired', N'False', NULL)
INSERT [dbo].[Setting] ([Id], [Key], [Value], [Description]) VALUES (62, N'ProfileSetting.MiddleNameEnabled', N'True', NULL)
INSERT [dbo].[Setting] ([Id], [Key], [Value], [Description]) VALUES (63, N'ProfileSetting.MiddleNameRequired', N'False', NULL)
INSERT [dbo].[Setting] ([Id], [Key], [Value], [Description]) VALUES (64, N'ProfileSetting.LastNameEnabled', N'True', NULL)
INSERT [dbo].[Setting] ([Id], [Key], [Value], [Description]) VALUES (65, N'ProfileSetting.LastNameRequired', N'False', NULL)
INSERT [dbo].[Setting] ([Id], [Key], [Value], [Description]) VALUES (66, N'ProfileSetting.AlternateNameEnabled', N'True', NULL)
INSERT [dbo].[Setting] ([Id], [Key], [Value], [Description]) VALUES (67, N'ProfileSetting.AlternateNameRequired', N'False', NULL)
INSERT [dbo].[Setting] ([Id], [Key], [Value], [Description]) VALUES (68, N'ProfileSetting.GenderEnabled', N'True', NULL)
INSERT [dbo].[Setting] ([Id], [Key], [Value], [Description]) VALUES (69, N'ProfileSetting.GenderRequired', N'False', NULL)
INSERT [dbo].[Setting] ([Id], [Key], [Value], [Description]) VALUES (70, N'ProfileSetting.DateOfBirthEnabled', N'True', NULL)
INSERT [dbo].[Setting] ([Id], [Key], [Value], [Description]) VALUES (71, N'ProfileSetting.DateOfBirthRequired', N'False', NULL)
INSERT [dbo].[Setting] ([Id], [Key], [Value], [Description]) VALUES (72, N'ProfileSetting.SummaryEnabled', N'True', NULL)
INSERT [dbo].[Setting] ([Id], [Key], [Value], [Description]) VALUES (73, N'ProfileSetting.SummaryRequired', N'False', NULL)
INSERT [dbo].[Setting] ([Id], [Key], [Value], [Description]) VALUES (74, N'EmailQueueSetting.MaximumDeliveryAttempts', N'7', NULL)
INSERT [dbo].[Setting] ([Id], [Key], [Value], [Description]) VALUES (75, N'EmailSubscriptionSetting.EmailSubscriptionEnabled', N'True', NULL)
INSERT [dbo].[Setting] ([Id], [Key], [Value], [Description]) VALUES (76, N'EmailSubscriptionSetting.EmailSubscriptionChecked', N'True', NULL)
INSERT [dbo].[Setting] ([Id], [Key], [Value], [Description]) VALUES (77, N'SecuritySetting.EncryptionKey', N'30832443479713614141', NULL)
INSERT [dbo].[Setting] ([Id], [Key], [Value], [Description]) VALUES (78, N'SecuritySetting.SslRequiredForAllPages', N'False', NULL)
INSERT [dbo].[Setting] ([Id], [Key], [Value], [Description]) VALUES (79, N'SecuritySetting.ContentManagementXsrfProtection', N'True', NULL)
INSERT [dbo].[Setting] ([Id], [Key], [Value], [Description]) VALUES (80, N'SecuritySetting.MemberXsrfProtection', N'True', NULL)
INSERT [dbo].[Setting] ([Id], [Key], [Value], [Description]) VALUES (81, N'SecuritySetting.PublicXsrfProtection', N'True', NULL)
INSERT [dbo].[Setting] ([Id], [Key], [Value], [Description]) VALUES (82, N'SecuritySetting.HoneypotEnabled', N'True', NULL)
INSERT [dbo].[Setting] ([Id], [Key], [Value], [Description]) VALUES (83, N'SecuritySetting.HoneypotInputName', N'HP_Adrack.com_Input', NULL)
INSERT [dbo].[Setting] ([Id], [Key], [Value], [Description]) VALUES (84, N'SeoSetting.PageTitle', N'Adrack', NULL)
INSERT [dbo].[Setting] ([Id], [Key], [Value], [Description]) VALUES (85, N'SeoSetting.PageTitleAdjustment', N'PageNameAfterAppName', NULL)
INSERT [dbo].[Setting] ([Id], [Key], [Value], [Description]) VALUES (86, N'SeoSetting.PageTitleSeparator', N' | ', NULL)
INSERT [dbo].[Setting] ([Id], [Key], [Value], [Description]) VALUES (87, N'SeoSetting.PageMetaKeyword', N'Your Page, Page Name', NULL)
INSERT [dbo].[Setting] ([Id], [Key], [Value], [Description]) VALUES (88, N'SeoSetting.PageMetaDescription', N'Adrack is an intuitive, cloud-based marketing platform that offers a variety of tools and solutions for just about every vertical. We understand the importance of efficient, streamlined campaign management solutions and have developed a system that puts everything at your fingertips in a user-friendly design that delivers results for all of your campaigns.', NULL)
INSERT [dbo].[Setting] ([Id], [Key], [Value], [Description]) VALUES (89, N'SeoSetting.PageXuaCompatible', N'ie=edge', NULL)
INSERT [dbo].[Setting] ([Id], [Key], [Value], [Description]) VALUES (90, N'SeoSetting.PageViewPort', N'width=device-width, initial-scale=1', NULL)
INSERT [dbo].[Setting] ([Id], [Key], [Value], [Description]) VALUES (91, N'SeoSetting.PageUnicodeCharacterInUrl', N'True', NULL)
INSERT [dbo].[Setting] ([Id], [Key], [Value], [Description]) VALUES (92, N'SeoSetting.PageConvertNonWesternCharacters', N'False', NULL)
INSERT [dbo].[Setting] ([Id], [Key], [Value], [Description]) VALUES (93, N'SeoSetting.PageCanonicalUrl', N'False', NULL)
INSERT [dbo].[Setting] ([Id], [Key], [Value], [Description]) VALUES (94, N'SeoSetting.GenerateContentPageMetaDescription', N'True', NULL)
INSERT [dbo].[Setting] ([Id], [Key], [Value], [Description]) VALUES (95, N'SeoSetting.RenderXuaCompatible', N'True', NULL)
INSERT [dbo].[Setting] ([Id], [Key], [Value], [Description]) VALUES (96, N'SeoSetting.EnableScriptBundling', N'True', NULL)
INSERT [dbo].[Setting] ([Id], [Key], [Value], [Description]) VALUES (97, N'SeoSetting.EnableCssBundling', N'True', NULL)
INSERT [dbo].[Setting] ([Id], [Key], [Value], [Description]) VALUES (98, N'SeoSetting.WwwRequirement', N'NoMatter', NULL)
INSERT [dbo].[Setting] ([Id], [Key], [Value], [Description]) VALUES (99, N'SeoSetting.ReservedPageSlug', N'login,register,logout,page-not-found', NULL)
GO
INSERT [dbo].[Setting] ([Id], [Key], [Value], [Description]) VALUES (100, N'CaptchaSetting.Enabled', N'True', NULL)
INSERT [dbo].[Setting] ([Id], [Key], [Value], [Description]) VALUES (101, N'CaptchaSetting.ReCaptchaPublicKey', N'6LdSFSYTAAAAAIrEEQg2GW2nYpPeNOpzj2XOnrH8', NULL)
INSERT [dbo].[Setting] ([Id], [Key], [Value], [Description]) VALUES (102, N'CaptchaSetting.ReCaptchaPrivateKey', N'6LdSFSYTAAAAAJWxEWwoUs3fU1PZ_4_OCHUTIdV-', NULL)
INSERT [dbo].[Setting] ([Id], [Key], [Value], [Description]) VALUES (103, N'CaptchaSetting.ReCaptchaTheme', N'', NULL)
INSERT [dbo].[Setting] ([Id], [Key], [Value], [Description]) VALUES (104, N'CaptchaSetting.OnLoginPage', N'False', NULL)
INSERT [dbo].[Setting] ([Id], [Key], [Value], [Description]) VALUES (105, N'CaptchaSetting.OnRegisterPage', N'False', NULL)
INSERT [dbo].[Setting] ([Id], [Key], [Value], [Description]) VALUES (106, N'Settings.CompanyAddress', N'', NULL)
INSERT [dbo].[Setting] ([Id], [Key], [Value], [Description]) VALUES (107, N'Settings.CompanyBank', N'', NULL)
INSERT [dbo].[Setting] ([Id], [Key], [Value], [Description]) VALUES (108, N'Settings.CompanyEmail', N'', NULL)
INSERT [dbo].[Setting] ([Id], [Key], [Value], [Description]) VALUES (109, N'Settings.CompanyLogoPath', N'/Uploads/logo-1.png', NULL)
INSERT [dbo].[Setting] ([Id], [Key], [Value], [Description]) VALUES (110, N'TimeZone', N'-7', NULL)
INSERT [dbo].[Setting] ([Id], [Key], [Value], [Description]) VALUES (111, N'UserSetting.MaximumLoginAttempts', N'3', NULL)
INSERT [dbo].[Setting] ([Id], [Key], [Value], [Description]) VALUES (112, N'System.PostingUrl', N'', NULL)
INSERT [dbo].[Setting] ([Id], [Key], [Value], [Description]) VALUES (113, N'System.AffiliateXmlField', N'CHANNELID', NULL)
INSERT [dbo].[Setting] ([Id], [Key], [Value], [Description]) VALUES (114, N'Settings.CompanyName', N'Company', NULL)
INSERT [dbo].[Setting] ([Id], [Key], [Value], [Description]) VALUES (115, N'UserSetting.CookieExpireMinutes', N'30', NULL)
INSERT [dbo].[Setting] ([Id], [Key], [Value], [Description]) VALUES (123, N'System.DublicateMonitor', N'0', NULL)
INSERT [dbo].[Setting] ([Id], [Key], [Value], [Description]) VALUES (124, N'ProcessingLeads', N'18', N'')
INSERT [dbo].[Setting] ([Id], [Key], [Value], [Description]) VALUES (125, N'UserSetting.MaxProcessingLeads', N'10', NULL)
INSERT [dbo].[Setting] ([Id], [Key], [Value], [Description]) VALUES (126, N'System.MaxProcessingLeads', N'30', NULL)
INSERT [dbo].[Setting] ([Id], [Key], [Value], [Description]) VALUES (127, N'TimeZoneStr', N'Pacific Standard Time', NULL)
INSERT [dbo].[Setting] ([Id], [Key], [Value], [Description]) VALUES (131, N'System.WhiteIp', N'', NULL)
INSERT [dbo].[Setting] ([Id], [Key], [Value], [Description]) VALUES (134, N'System.ProcessingDelay', N'500', NULL)
INSERT [dbo].[Setting] ([Id], [Key], [Value], [Description]) VALUES (135, N'System.LeadEmail', N'0', NULL)
INSERT [dbo].[Setting] ([Id], [Key], [Value], [Description]) VALUES (136, N'System.LeadEmailTo', N'', NULL)
INSERT [dbo].[Setting] ([Id], [Key], [Value], [Description]) VALUES (137, N'System.LeadEmailFields', N'firstname,lastname,homephone,cellphone,amount_request,city,state,address', NULL)
INSERT [dbo].[Setting] ([Id], [Key], [Value], [Description]) VALUES (138, N'System.AllowAffiliateRedirect', N'1', NULL)
INSERT [dbo].[Setting] ([Id], [Key], [Value], [Description]) VALUES (139, N'System.AffiliateRedirectUrl', N'', NULL)
INSERT [dbo].[Setting] ([Id], [Key], [Value], [Description]) VALUES (140, N'System.MinProcessingMode', N'0', NULL)
INSERT [dbo].[Setting] ([Id], [Key], [Value], [Description]) VALUES (141, N'System.SystemOnHold', N'0', NULL)
SET IDENTITY_INSERT [dbo].[Setting] OFF
